,DPD,Fecha,Ubigeo,Contagiados,Proyeccion,Fallecidos,Movilidad,Vacunados
AMAZONAS-BAGUA-ARAMANGO,AMAZONAS-BAGUA-ARAMANGO,2021-03-01 00:00:00,010202,1,14,0.0,-13.2,5.0
AMAZONAS-BAGUA-BAGUA,AMAZONAS-BAGUA-BAGUA,2021-03-01 00:00:00,010201,13,9,0.0,-13.2,199.0
AMAZONAS-BAGUA-COPALLIN,AMAZONAS-BAGUA-COPALLIN,2021-02-01 00:00:00,010203,3,3,0.0,-16.428571428571427,0.0
AMAZONAS-BAGUA-EL PARCO,AMAZONAS-BAGUA-EL PARCO,2021-02-08 00:00:00,010204,1,4,0.0,-15.857142857142858,0.0
AMAZONAS-BAGUA-IMAZA,AMAZONAS-BAGUA-IMAZA,2021-03-01 00:00:00,010205,2,26,0.0,-13.2,14.0
AMAZONAS-BAGUA-LA PECA,AMAZONAS-BAGUA-LA PECA,2021-02-22 00:00:00,010206,7,9,0.0,-11.314285714285713,26.0
AMAZONAS-CHACHAPOYAS-ASUNCION,AMAZONAS-CHACHAPOYAS-ASUNCION,2020-10-05 00:00:00,010102,1,1,0.0,-14.914285714285715,0.0
AMAZONAS-CHACHAPOYAS-BALSAS,AMAZONAS-CHACHAPOYAS-BALSAS,2021-03-01 00:00:00,010103,1,3,0.0,-17.4,0.0
AMAZONAS-CHACHAPOYAS-CHACHAPOYAS,AMAZONAS-CHACHAPOYAS-CHACHAPOYAS,2021-03-01 00:00:00,010101,55,32,0.0,-17.4,387.0
AMAZONAS-CHACHAPOYAS-CHETO,AMAZONAS-CHACHAPOYAS-CHETO,2020-09-14 00:00:00,010104,1,1,0.0,-18.228571428571428,0.0
AMAZONAS-CHACHAPOYAS-CHUQUIBAMBA,AMAZONAS-CHACHAPOYAS-CHUQUIBAMBA,2021-02-15 00:00:00,010106,1,3,0.0,-14.457142857142856,0.0
AMAZONAS-CHACHAPOYAS-GRANADA,,,,,,,,
AMAZONAS-CHACHAPOYAS-HUANCAS,AMAZONAS-CHACHAPOYAS-HUANCAS,2021-02-22 00:00:00,010108,1,1,0.0,-13.371428571428572,0.0
AMAZONAS-CHACHAPOYAS-LA JALCA,AMAZONAS-CHACHAPOYAS-LA JALCA,2021-03-01 00:00:00,010109,3,2,0.0,-17.4,0.0
AMAZONAS-CHACHAPOYAS-LEIMEBAMBA,AMAZONAS-CHACHAPOYAS-LEIMEBAMBA,2021-02-22 00:00:00,010110,4,3,0.0,-13.371428571428572,25.0
AMAZONAS-CHACHAPOYAS-LEVANTO,AMAZONAS-CHACHAPOYAS-LEVANTO,2020-11-02 00:00:00,010111,1,1,0.0,-12.714285714285714,0.0
AMAZONAS-CHACHAPOYAS-MAGDALENA,AMAZONAS-CHACHAPOYAS-MAGDALENA,2021-02-01 00:00:00,010112,4,2,0.0,-14.657142857142855,0.0
AMAZONAS-CHACHAPOYAS-MARISCAL CASTILLA,AMAZONAS-CHACHAPOYAS-MARISCAL CASTILLA,2021-02-01 00:00:00,010113,1,2,1.0,-14.657142857142855,0.0
AMAZONAS-CHACHAPOYAS-MOLINOPAMPA,AMAZONAS-CHACHAPOYAS-MOLINOPAMPA,2021-02-22 00:00:00,010114,1,2,0.0,-13.371428571428572,14.0
AMAZONAS-CHACHAPOYAS-MONTEVIDEO,AMAZONAS-CHACHAPOYAS-MONTEVIDEO,2021-01-18 00:00:00,010115,1,1,0.0,-12.914285714285716,0.0
AMAZONAS-CHACHAPOYAS-OLLEROS,AMAZONAS-CHACHAPOYAS-OLLEROS,2020-08-03 00:00:00,010116,1,1,0.0,-15.571428571428573,0.0
AMAZONAS-CHACHAPOYAS-QUINJALCA,AMAZONAS-CHACHAPOYAS-QUINJALCA,2021-02-22 00:00:00,010117,1,1,0.0,-13.371428571428572,2.0
AMAZONAS-CHACHAPOYAS-SAN FRANCISCO DE DAGUAS,AMAZONAS-CHACHAPOYAS-SAN FRANCISCO DE DAGUAS,2021-02-08 00:00:00,010118,1,2,0.0,-14.342857142857138,0.0
AMAZONAS-CHACHAPOYAS-SAN ISIDRO DE MAINO,AMAZONAS-CHACHAPOYAS-SAN ISIDRO DE MAINO,,010119,1,1,0.0,-18.0,0.0
AMAZONAS-CHACHAPOYAS-SOLOCO,AMAZONAS-CHACHAPOYAS-SOLOCO,2021-02-22 00:00:00,010120,1,1,1.0,-13.371428571428572,2.0
AMAZONAS-CHACHAPOYAS-SONCHE,AMAZONAS-CHACHAPOYAS-SONCHE,2021-02-15 00:00:00,010121,1,1,0.0,-14.457142857142856,2.0
AMAZONAS-LUYA-CAMPORREDONDO,AMAZONAS-LUYA-CAMPORREDONDO,2021-02-01 00:00:00,010502,4,6,0.0,-4.8,0.0
AMAZONAS-LUYA-COCABAMBA,AMAZONAS-LUYA-COCABAMBA,2021-02-22 00:00:00,010503,2,3,0.0,-6.142857142857143,10.0
AMAZONAS-LUYA-COLCAMAR,AMAZONAS-LUYA-COLCAMAR,2021-02-22 00:00:00,010504,6,6,0.0,-6.142857142857143,0.0
AMAZONAS-LUYA-CONILA,AMAZONAS-LUYA-CONILA,2020-12-07 00:00:00,010505,2,2,0.0,-4.171428571428572,0.0
AMAZONAS-LUYA-INGUILPATA,AMAZONAS-LUYA-INGUILPATA,2020-12-07 00:00:00,010506,1,2,0.0,-4.171428571428572,0.0
AMAZONAS-LUYA-LAMUD,AMAZONAS-LUYA-LAMUD,2021-02-22 00:00:00,010501,1,1,0.0,-6.142857142857143,2.0
AMAZONAS-LUYA-LONGUITA,,,,,,,,
AMAZONAS-LUYA-LONYA CHICO,,,,,,,,
AMAZONAS-LUYA-LUYA,AMAZONAS-LUYA-LUYA,2021-03-01 00:00:00,010509,1,3,0.0,-7.0,0.0
AMAZONAS-LUYA-LUYA VIEJO,AMAZONAS-LUYA-LUYA VIEJO,2020-08-17 00:00:00,010510,2,5,0.0,-4.4,0.0
AMAZONAS-LUYA-MARIA,,,,,,,,
AMAZONAS-LUYA-OCALLI,AMAZONAS-LUYA-OCALLI,2021-02-22 00:00:00,010512,1,2,0.0,-6.142857142857143,27.0
AMAZONAS-LUYA-OCUMAL,AMAZONAS-LUYA-OCUMAL,2021-03-01 00:00:00,010513,1,2,0.0,-7.0,0.0
AMAZONAS-LUYA-PISUQUIA,AMAZONAS-LUYA-PISUQUIA,2021-03-01 00:00:00,010514,1,1,1.0,-7.0,1.0
AMAZONAS-LUYA-PROVIDENCIA,AMAZONAS-LUYA-PROVIDENCIA,2021-02-22 00:00:00,010515,1,1,0.0,-6.142857142857143,8.0
AMAZONAS-LUYA-SAN CRISTOBAL,,,,,,,,
AMAZONAS-LUYA-SAN JERONIMO,AMAZONAS-LUYA-SAN JERONIMO,2020-10-26 00:00:00,010518,5,3,1.0,-4.7714285714285705,0.0
AMAZONAS-LUYA-SANTA CATALINA,AMAZONAS-LUYA-SANTA CATALINA,2020-11-30 00:00:00,010520,1,1,0.0,-4.7142857142857135,0.0
AMAZONAS-LUYA-SANTO TOMAS,AMAZONAS-LUYA-SANTO TOMAS,2021-02-08 00:00:00,010521,1,1,0.0,-5.514285714285714,0.0
AMAZONAS-LUYA-TINGO,AMAZONAS-LUYA-TINGO,2021-03-01 00:00:00,010522,6,6,1.0,-7.0,0.0
AMAZONAS-LUYA-TRITA,AMAZONAS-LUYA-TRITA,2021-02-15 00:00:00,010523,1,1,0.0,-6.2285714285714295,3.0
AMAZONAS-UTCUBAMBA-BAGUA GRANDE,AMAZONAS-UTCUBAMBA-BAGUA GRANDE,2021-03-01 00:00:00,010701,19,13,0.0,-27.2,199.0
AMAZONAS-UTCUBAMBA-CAJARURO,AMAZONAS-UTCUBAMBA-CAJARURO,2021-03-01 00:00:00,010702,1,7,0.0,-27.2,4.0
AMAZONAS-UTCUBAMBA-CUMBA,AMAZONAS-UTCUBAMBA-CUMBA,2021-03-01 00:00:00,010703,1,3,0.0,-27.2,0.0
AMAZONAS-UTCUBAMBA-EL MILAGRO,AMAZONAS-UTCUBAMBA-EL MILAGRO,2021-03-01 00:00:00,010704,3,5,0.0,-27.2,0.0
AMAZONAS-UTCUBAMBA-JAMALCA,AMAZONAS-UTCUBAMBA-JAMALCA,2021-02-22 00:00:00,010705,1,3,0.0,-20.2,34.0
AMAZONAS-UTCUBAMBA-LONYA GRANDE,AMAZONAS-UTCUBAMBA-LONYA GRANDE,2021-03-01 00:00:00,010706,1,2,0.0,-27.2,0.0
AMAZONAS-UTCUBAMBA-YAMON,AMAZONAS-UTCUBAMBA-YAMON,2021-03-01 00:00:00,010707,1,8,0.0,-27.2,0.0
ANCASH-CARHUAZ-ACOPAMPA,ANCASH-CARHUAZ-ACOPAMPA,2021-03-01 00:00:00,020602,1,3,0.0,-27.4,4.0
ANCASH-CARHUAZ-AMASHCA,,,,,,,,
ANCASH-CARHUAZ-ANTA,ANCASH-CARHUAZ-ANTA,2021-02-22 00:00:00,020604,2,3,0.0,-19.514285714285712,40.0
ANCASH-CARHUAZ-ATAQUERO,ANCASH-CARHUAZ-ATAQUERO,2021-01-04 00:00:00,020605,1,1,0.0,-15.542857142857144,0.0
ANCASH-CARHUAZ-CARHUAZ,ANCASH-CARHUAZ-CARHUAZ,2021-03-01 00:00:00,020601,3,9,0.0,-27.4,2.0
ANCASH-CARHUAZ-MARCARA,ANCASH-CARHUAZ-MARCARA,2021-03-01 00:00:00,020606,1,8,0.0,-27.4,2.0
ANCASH-CARHUAZ-PARIAHUANCA,ANCASH-CARHUAZ-PARIAHUANCA,2020-10-26 00:00:00,020607,1,1,0.0,-14.628571428571428,0.0
ANCASH-CARHUAZ-SAN MIGUEL DE ACO,ANCASH-CARHUAZ-SAN MIGUEL DE ACO,2021-01-25 00:00:00,020608,1,1,0.0,-17.228571428571428,0.0
ANCASH-CARHUAZ-SHILLA,ANCASH-CARHUAZ-SHILLA,2021-03-01 00:00:00,020609,1,2,0.0,-27.4,0.0
ANCASH-CARHUAZ-TINCO,ANCASH-CARHUAZ-TINCO,2021-02-22 00:00:00,020610,1,2,0.0,-19.514285714285712,3.0
ANCASH-CARHUAZ-YUNGAR,ANCASH-CARHUAZ-YUNGAR,2021-03-01 00:00:00,020611,5,5,0.0,-27.4,0.0
ANCASH-CASMA-BUENA VISTA ALTA,ANCASH-CASMA-BUENA VISTA ALTA,2021-03-01 00:00:00,020802,1,3,0.0,-27.0,0.0
ANCASH-CASMA-CASMA,ANCASH-CASMA-CASMA,2021-03-01 00:00:00,020801,15,16,1.0,-27.0,87.0
ANCASH-CASMA-COMANDANTE NOEL,ANCASH-CASMA-COMANDANTE NOEL,2020-10-26 00:00:00,020803,1,2,0.0,-23.02857142857143,0.0
ANCASH-CASMA-YAUTAN,ANCASH-CASMA-YAUTAN,2021-03-01 00:00:00,020804,6,5,0.0,-27.0,1.0
ANCASH-HUARAZ-COCHABAMBA,ANCASH-HUARAZ-COCHABAMBA,2021-03-01 00:00:00,020102,1,3,0.0,-64.4,10.0
ANCASH-HUARAZ-COLCABAMBA,ANCASH-HUARAZ-COLCABAMBA,2020-10-26 00:00:00,020103,1,1,0.0,-32.771428571428565,0.0
ANCASH-HUARAZ-HUANCHAY,ANCASH-HUARAZ-HUANCHAY,2021-02-01 00:00:00,020104,1,1,1.0,-57.82857142857142,0.0
ANCASH-HUARAZ-HUARAZ,ANCASH-HUARAZ-HUARAZ,2021-03-01 00:00:00,020101,36,27,1.0,-64.4,274.0
ANCASH-HUARAZ-INDEPENDENCIA,ANCASH-HUARAZ-INDEPENDENCIA,2021-03-01 00:00:00,020105,18,19,0.0,-64.4,186.0
ANCASH-HUARAZ-JANGAS,ANCASH-HUARAZ-JANGAS,2021-03-01 00:00:00,020106,1,2,0.0,-64.4,0.0
ANCASH-HUARAZ-LA LIBERTAD,ANCASH-HUARAZ-LA LIBERTAD,2021-01-11 00:00:00,020107,1,1,0.0,-32.65714285714286,0.0
ANCASH-HUARAZ-OLLEROS,ANCASH-HUARAZ-OLLEROS,2021-03-01 00:00:00,020108,1,2,1.0,-64.4,1.0
ANCASH-HUARAZ-PAMPAS GRANDE,ANCASH-HUARAZ-PAMPAS GRANDE,2021-02-15 00:00:00,020109,1,1,0.0,-44.542857142857144,0.0
ANCASH-HUARAZ-PARIACOTO,ANCASH-HUARAZ-PARIACOTO,2021-03-01 00:00:00,020110,4,8,0.0,-64.4,16.0
ANCASH-HUARAZ-PIRA,ANCASH-HUARAZ-PIRA,2021-03-01 00:00:00,020111,1,3,0.0,-64.4,0.0
ANCASH-HUARAZ-TARICA,ANCASH-HUARAZ-TARICA,2021-02-22 00:00:00,020112,6,4,0.0,-39.68571428571429,0.0
ANCASH-HUARI-ANRA,ANCASH-HUARI-ANRA,2021-02-22 00:00:00,021002,1,2,0.0,-8.914285714285715,6.0
ANCASH-HUARI-CAJAY,ANCASH-HUARI-CAJAY,2020-11-23 00:00:00,021003,1,0,0.0,-2.8571428571428568,0.0
ANCASH-HUARI-CHAVIN DE HUANTAR,ANCASH-HUARI-CHAVIN DE HUANTAR,2021-02-22 00:00:00,021004,1,1,0.0,-8.914285714285715,39.0
ANCASH-HUARI-HUACACHI,ANCASH-HUARI-HUACACHI,2020-08-03 00:00:00,021005,1,1,0.0,-12.6,0.0
ANCASH-HUARI-HUACCHIS,ANCASH-HUARI-HUACCHIS,2020-12-21 00:00:00,021006,1,0,0.0,-0.14285714285714307,0.0
ANCASH-HUARI-HUACHIS,ANCASH-HUARI-HUACHIS,2021-02-22 00:00:00,021007,1,1,0.0,-8.914285714285715,17.0
ANCASH-HUARI-HUANTAR,ANCASH-HUARI-HUANTAR,2021-03-01 00:00:00,021008,1,1,0.0,-14.2,0.0
ANCASH-HUARI-HUARI,ANCASH-HUARI-HUARI,2021-03-01 00:00:00,021001,1,2,0.0,-14.2,96.0
ANCASH-HUARI-MASIN,ANCASH-HUARI-MASIN,2021-01-25 00:00:00,021009,1,1,0.0,-5.228571428571429,0.0
ANCASH-HUARI-PAUCAS,,,,,,,,
ANCASH-HUARI-RAHUAPAMPA,ANCASH-HUARI-RAHUAPAMPA,2020-11-23 00:00:00,021012,1,1,0.0,-2.8571428571428568,0.0
ANCASH-HUARI-RAPAYAN,,,,,,,,
ANCASH-HUARI-SAN MARCOS,ANCASH-HUARI-SAN MARCOS,2021-03-01 00:00:00,021014,1,3,0.0,-14.2,4.0
ANCASH-HUARI-SAN PEDRO DE CHANA,ANCASH-HUARI-SAN PEDRO DE CHANA,2021-02-22 00:00:00,021015,1,1,0.0,-8.914285714285715,3.0
ANCASH-HUARI-UCO,ANCASH-HUARI-UCO,2021-02-22 00:00:00,021016,1,1,0.0,-8.914285714285715,17.0
ANCASH-HUARMEY-COCHAPETI,,,,,,,,
ANCASH-HUARMEY-CULEBRAS,ANCASH-HUARMEY-CULEBRAS,2021-02-22 00:00:00,021103,1,5,0.0,-25.114285714285714,14.0
ANCASH-HUARMEY-HUARMEY,ANCASH-HUARMEY-HUARMEY,2021-03-01 00:00:00,021101,19,34,3.0,-40.0,63.0
ANCASH-HUARMEY-HUAYAN,ANCASH-HUARMEY-HUAYAN,2020-11-16 00:00:00,021104,1,1,0.0,-19.428571428571427,0.0
ANCASH-HUAYLAS-CARAZ,ANCASH-HUAYLAS-CARAZ,2021-03-01 00:00:00,021201,10,9,0.0,-25.2,140.0
ANCASH-HUAYLAS-HUALLANCA,ANCASH-HUAYLAS-HUALLANCA,2021-03-01 00:00:00,021202,6,5,0.0,-25.2,0.0
ANCASH-HUAYLAS-HUATA,ANCASH-HUAYLAS-HUATA,2021-02-22 00:00:00,021203,1,1,0.0,-12.457142857142857,3.0
ANCASH-HUAYLAS-HUAYLAS,ANCASH-HUAYLAS-HUAYLAS,2021-02-15 00:00:00,021204,5,2,0.0,-13.514285714285714,0.0
ANCASH-HUAYLAS-MATO,ANCASH-HUAYLAS-MATO,2021-02-15 00:00:00,021205,1,0,0.0,-13.514285714285714,0.0
ANCASH-HUAYLAS-PAMPAROMAS,ANCASH-HUAYLAS-PAMPAROMAS,2021-02-08 00:00:00,021206,6,6,0.0,-16.6,0.0
ANCASH-HUAYLAS-PUEBLO LIBRE,ANCASH-HUAYLAS-PUEBLO LIBRE,2021-02-22 00:00:00,021207,6,4,0.0,-12.457142857142857,33.0
ANCASH-HUAYLAS-SANTA CRUZ,ANCASH-HUAYLAS-SANTA CRUZ,2021-02-22 00:00:00,021208,4,3,0.0,-12.457142857142857,14.0
ANCASH-HUAYLAS-SANTO TORIBIO,ANCASH-HUAYLAS-SANTO TORIBIO,2021-02-15 00:00:00,021209,3,1,0.0,-13.514285714285714,0.0
ANCASH-HUAYLAS-YURACMARCA,ANCASH-HUAYLAS-YURACMARCA,2021-02-01 00:00:00,021210,2,5,0.0,-17.428571428571427,0.0
ANCASH-SANTA-CACERES DEL PERU,ANCASH-SANTA-CACERES DEL PERU,2021-02-22 00:00:00,021802,1,2,0.0,-44.31428571428571,21.0
ANCASH-SANTA-CHIMBOTE,ANCASH-SANTA-CHIMBOTE,2021-03-01 00:00:00,021801,60,94,4.0,-68.2,340.0
ANCASH-SANTA-COISHCO,ANCASH-SANTA-COISHCO,2021-02-22 00:00:00,021803,10,16,2.0,-44.31428571428571,25.0
ANCASH-SANTA-MACATE,ANCASH-SANTA-MACATE,2021-02-22 00:00:00,021804,1,2,0.0,-44.31428571428571,0.0
ANCASH-SANTA-MORO,ANCASH-SANTA-MORO,2021-03-01 00:00:00,021805,3,5,0.0,-68.2,1.0
ANCASH-SANTA-NEPEÑA,ANCASH-SANTA-NEPEÑA,2021-03-01 00:00:00,021806,3,14,1.0,-68.2,0.0
ANCASH-SANTA-NUEVO CHIMBOTE,ANCASH-SANTA-NUEVO CHIMBOTE,2021-03-01 00:00:00,021809,54,9,4.0,-68.2,630.0
ANCASH-SANTA-SAMANCO,ANCASH-SANTA-SAMANCO,2021-03-01 00:00:00,021807,1,8,1.0,-68.2,0.0
ANCASH-SANTA-SANTA,ANCASH-SANTA-SANTA,2021-03-01 00:00:00,021808,2,16,1.0,-68.2,0.0
ANCASH-YUNGAY-CASCAPARA,ANCASH-YUNGAY-CASCAPARA,2020-12-21 00:00:00,022002,1,1,0.0,-9.542857142857143,0.0
ANCASH-YUNGAY-MANCOS,ANCASH-YUNGAY-MANCOS,2021-03-01 00:00:00,022003,1,3,0.0,-15.2,2.0
ANCASH-YUNGAY-MATACOTO,ANCASH-YUNGAY-MATACOTO,2021-02-15 00:00:00,022004,1,2,0.0,-14.371428571428572,0.0
ANCASH-YUNGAY-QUILLO,ANCASH-YUNGAY-QUILLO,2021-02-08 00:00:00,022005,2,4,0.0,-18.057142857142857,14.0
ANCASH-YUNGAY-RANRAHIRCA,ANCASH-YUNGAY-RANRAHIRCA,2021-02-22 00:00:00,022006,2,3,0.0,-14.228571428571428,17.0
ANCASH-YUNGAY-SHUPLUY,ANCASH-YUNGAY-SHUPLUY,2021-02-15 00:00:00,022007,1,1,0.0,-14.371428571428572,0.0
ANCASH-YUNGAY-YANAMA,ANCASH-YUNGAY-YANAMA,2021-03-01 00:00:00,022008,2,2,0.0,-15.2,0.0
ANCASH-YUNGAY-YUNGAY,ANCASH-YUNGAY-YUNGAY,2021-03-01 00:00:00,022001,7,8,0.0,-15.2,2.0
APURIMAC-ABANCAY-ABANCAY,APURIMAC-ABANCAY-ABANCAY,2021-03-01 00:00:00,030101,34,43,4.0,-63.4,309.0
APURIMAC-ABANCAY-CHACOCHE,APURIMAC-ABANCAY-CHACOCHE,2021-03-01 00:00:00,030102,1,1,0.0,-63.4,4.0
APURIMAC-ABANCAY-CIRCA,APURIMAC-ABANCAY-CIRCA,2021-02-22 00:00:00,030103,1,1,0.0,-41.51428571428572,21.0
APURIMAC-ABANCAY-CURAHUASI,APURIMAC-ABANCAY-CURAHUASI,2021-03-01 00:00:00,030104,3,8,0.0,-63.4,86.0
APURIMAC-ABANCAY-HUANIPACA,APURIMAC-ABANCAY-HUANIPACA,2021-02-08 00:00:00,030105,1,2,0.0,-51.142857142857146,0.0
APURIMAC-ABANCAY-LAMBRAMA,APURIMAC-ABANCAY-LAMBRAMA,2021-03-01 00:00:00,030106,3,2,0.0,-63.4,25.0
APURIMAC-ABANCAY-PICHIRHUA,APURIMAC-ABANCAY-PICHIRHUA,2021-02-08 00:00:00,030107,2,2,0.0,-51.142857142857146,0.0
APURIMAC-ABANCAY-SAN PEDRO DE CACHORA,APURIMAC-ABANCAY-SAN PEDRO DE CACHORA,2021-02-15 00:00:00,030108,1,4,1.0,-46.114285714285714,0.0
APURIMAC-ABANCAY-TAMBURCO,APURIMAC-ABANCAY-TAMBURCO,2021-03-01 00:00:00,030109,3,1,0.0,-63.4,63.0
APURIMAC-ANDAHUAYLAS-ANDAHUAYLAS,APURIMAC-ANDAHUAYLAS-ANDAHUAYLAS,2021-03-01 00:00:00,030201,24,24,1.0,-35.6,455.0
APURIMAC-ANDAHUAYLAS-ANDARAPA,APURIMAC-ANDAHUAYLAS-ANDARAPA,2021-02-15 00:00:00,030202,3,3,0.0,-20.114285714285717,10.0
APURIMAC-ANDAHUAYLAS-CHIARA,APURIMAC-ANDAHUAYLAS-CHIARA,2021-01-18 00:00:00,030203,1,1,0.0,-19.685714285714287,0.0
APURIMAC-ANDAHUAYLAS-HUANCARAMA,APURIMAC-ANDAHUAYLAS-HUANCARAMA,2021-02-22 00:00:00,030204,1,1,0.0,-18.114285714285714,22.0
APURIMAC-ANDAHUAYLAS-HUANCARAY,APURIMAC-ANDAHUAYLAS-HUANCARAY,2021-03-01 00:00:00,030205,5,9,1.0,-35.6,24.0
APURIMAC-ANDAHUAYLAS-HUAYANA,,,,,,,,
APURIMAC-ANDAHUAYLAS-JOSE MARIA ARGUEDAS,APURIMAC-ANDAHUAYLAS-JOSE MARIA ARGUEDAS,2021-02-22 00:00:00,030220,2,2,0.0,-18.114285714285714,0.0
APURIMAC-ANDAHUAYLAS-KAQUIABAMBA,APURIMAC-ANDAHUAYLAS-KAQUIABAMBA,2021-02-01 00:00:00,030219,1,2,0.0,-29.885714285714283,0.0
APURIMAC-ANDAHUAYLAS-KISHUARA,APURIMAC-ANDAHUAYLAS-KISHUARA,2021-02-08 00:00:00,030207,3,13,0.0,-27.942857142857143,24.0
APURIMAC-ANDAHUAYLAS-PACOBAMBA,APURIMAC-ANDAHUAYLAS-PACOBAMBA,2021-02-08 00:00:00,030208,1,2,0.0,-27.942857142857143,0.0
APURIMAC-ANDAHUAYLAS-PACUCHA,APURIMAC-ANDAHUAYLAS-PACUCHA,2021-03-01 00:00:00,030209,2,5,1.0,-35.6,35.0
APURIMAC-ANDAHUAYLAS-PAMPACHIRI,APURIMAC-ANDAHUAYLAS-PAMPACHIRI,2021-02-22 00:00:00,030210,5,10,0.0,-18.114285714285714,8.0
APURIMAC-ANDAHUAYLAS-POMACOCHA,APURIMAC-ANDAHUAYLAS-POMACOCHA,2020-09-21 00:00:00,030211,1,1,0.0,-17.628571428571426,0.0
APURIMAC-ANDAHUAYLAS-SAN ANTONIO DE CACHI,APURIMAC-ANDAHUAYLAS-SAN ANTONIO DE CACHI,2021-02-08 00:00:00,030212,1,3,0.0,-27.942857142857143,0.0
APURIMAC-ANDAHUAYLAS-SAN JERONIMO,APURIMAC-ANDAHUAYLAS-SAN JERONIMO,2021-03-01 00:00:00,030213,4,8,0.0,-35.6,73.0
APURIMAC-ANDAHUAYLAS-SAN MIGUEL DE CHACCRAMPA,APURIMAC-ANDAHUAYLAS-SAN MIGUEL DE CHACCRAMPA,2020-11-30 00:00:00,030214,1,1,0.0,-10.6,0.0
APURIMAC-ANDAHUAYLAS-SANTA MARIA DE CHICMO,APURIMAC-ANDAHUAYLAS-SANTA MARIA DE CHICMO,2021-03-01 00:00:00,030215,1,3,0.0,-35.6,18.0
APURIMAC-ANDAHUAYLAS-TALAVERA,APURIMAC-ANDAHUAYLAS-TALAVERA,2021-03-01 00:00:00,030216,3,8,0.0,-35.6,0.0
APURIMAC-ANDAHUAYLAS-TUMAY HUARACA,APURIMAC-ANDAHUAYLAS-TUMAY HUARACA,2021-02-01 00:00:00,030217,1,1,0.0,-29.885714285714283,0.0
APURIMAC-ANDAHUAYLAS-TURPO,APURIMAC-ANDAHUAYLAS-TURPO,2021-02-22 00:00:00,030218,1,1,0.0,-18.114285714285714,21.0
APURIMAC-COTABAMBAS-CHALLHUAHUACHO,APURIMAC-COTABAMBAS-CHALLHUAHUACHO,2021-03-01 00:00:00,030506,5,9,0.0,-15.4,2.0
APURIMAC-COTABAMBAS-COTABAMBAS,APURIMAC-COTABAMBAS-COTABAMBAS,2021-02-22 00:00:00,030502,3,6,0.0,-11.714285714285714,12.0
APURIMAC-COTABAMBAS-COYLLURQUI,APURIMAC-COTABAMBAS-COYLLURQUI,2021-02-22 00:00:00,030503,2,1,0.0,-11.714285714285714,25.0
APURIMAC-COTABAMBAS-HAQUIRA,APURIMAC-COTABAMBAS-HAQUIRA,2021-02-22 00:00:00,030504,3,3,0.0,-11.714285714285714,35.0
APURIMAC-COTABAMBAS-MARA,APURIMAC-COTABAMBAS-MARA,2021-03-01 00:00:00,030505,1,4,1.0,-15.4,14.0
APURIMAC-COTABAMBAS-TAMBOBAMBA,APURIMAC-COTABAMBAS-TAMBOBAMBA,2021-03-01 00:00:00,030501,1,1,1.0,-15.4,69.0
AREQUIPA-AREQUIPA-ALTO SELVA ALEGRE,AREQUIPA-AREQUIPA-ALTO SELVA ALEGRE,2021-03-01 00:00:00,040102,8,6,0.0,-53.4,0.0
AREQUIPA-AREQUIPA-AREQUIPA,AREQUIPA-AREQUIPA-AREQUIPA,2021-03-01 00:00:00,040101,85,54,1.0,-53.4,1157.0
AREQUIPA-AREQUIPA-CAYMA,AREQUIPA-AREQUIPA-CAYMA,2021-03-01 00:00:00,040103,29,29,0.0,-53.4,252.0
AREQUIPA-AREQUIPA-CERRO COLORADO,AREQUIPA-AREQUIPA-CERRO COLORADO,2021-03-01 00:00:00,040104,72,37,1.0,-53.4,142.0
AREQUIPA-AREQUIPA-CHARACATO,AREQUIPA-AREQUIPA-CHARACATO,2021-02-22 00:00:00,040105,3,3,0.0,-40.97142857142857,73.0
AREQUIPA-AREQUIPA-CHIGUATA,AREQUIPA-AREQUIPA-CHIGUATA,2021-02-22 00:00:00,040106,1,3,0.0,-40.97142857142857,28.0
AREQUIPA-AREQUIPA-JACOBO HUNTER,AREQUIPA-AREQUIPA-JACOBO HUNTER,2021-03-01 00:00:00,040107,14,20,0.0,-53.4,5.0
AREQUIPA-AREQUIPA-JOSE LUIS BUSTAMANTE Y RIVERO,AREQUIPA-AREQUIPA-JOSE LUIS BUSTAMANTE Y RIVERO,2021-03-01 00:00:00,040129,15,26,0.0,-53.4,0.0
AREQUIPA-AREQUIPA-LA JOYA,AREQUIPA-AREQUIPA-LA JOYA,2021-02-22 00:00:00,040108,11,11,0.0,-40.97142857142857,73.0
AREQUIPA-AREQUIPA-MARIANO MELGAR,AREQUIPA-AREQUIPA-MARIANO MELGAR,2021-03-01 00:00:00,040109,8,15,0.0,-53.4,11.0
AREQUIPA-AREQUIPA-MIRAFLORES,AREQUIPA-AREQUIPA-MIRAFLORES,2021-03-01 00:00:00,040110,6,6,0.0,-53.4,134.0
AREQUIPA-AREQUIPA-MOLLEBAYA,AREQUIPA-AREQUIPA-MOLLEBAYA,2021-02-15 00:00:00,040111,1,2,0.0,-42.68571428571429,0.0
AREQUIPA-AREQUIPA-PAUCARPATA,AREQUIPA-AREQUIPA-PAUCARPATA,2021-03-01 00:00:00,040112,15,39,5.0,-53.4,23.0
AREQUIPA-AREQUIPA-POCSI,AREQUIPA-AREQUIPA-POCSI,2021-01-11 00:00:00,040113,1,1,0.0,-26.771428571428572,0.0
AREQUIPA-AREQUIPA-POLOBAYA,AREQUIPA-AREQUIPA-POLOBAYA,2021-02-08 00:00:00,040114,1,1,0.0,-31.0,0.0
AREQUIPA-AREQUIPA-QUEQUEÑA,AREQUIPA-AREQUIPA-QUEQUEÑA,2021-02-08 00:00:00,040115,1,1,0.0,-31.0,0.0
AREQUIPA-AREQUIPA-SABANDIA,AREQUIPA-AREQUIPA-SABANDIA,2021-02-22 00:00:00,040116,2,4,0.0,-40.97142857142857,0.0
AREQUIPA-AREQUIPA-SACHACA,AREQUIPA-AREQUIPA-SACHACA,2021-03-01 00:00:00,040117,2,16,1.0,-53.4,0.0
AREQUIPA-AREQUIPA-SAN JUAN DE SIGUAS,AREQUIPA-AREQUIPA-SAN JUAN DE SIGUAS,2020-09-21 00:00:00,040118,1,2,0.0,-39.542857142857144,0.0
AREQUIPA-AREQUIPA-SAN JUAN DE TARUCANI,AREQUIPA-AREQUIPA-SAN JUAN DE TARUCANI,2021-02-22 00:00:00,040119,1,3,0.0,-40.97142857142857,0.0
AREQUIPA-AREQUIPA-SANTA ISABEL DE SIGUAS,AREQUIPA-AREQUIPA-SANTA ISABEL DE SIGUAS,2020-12-21 00:00:00,040120,1,1,0.0,-22.514285714285716,0.0
AREQUIPA-AREQUIPA-SOCABAYA,AREQUIPA-AREQUIPA-SOCABAYA,2021-03-01 00:00:00,040122,9,20,1.0,-53.4,0.0
AREQUIPA-AREQUIPA-TIABAYA,AREQUIPA-AREQUIPA-TIABAYA,2021-02-22 00:00:00,040123,7,12,2.0,-40.97142857142857,81.0
AREQUIPA-AREQUIPA-UCHUMAYO,AREQUIPA-AREQUIPA-UCHUMAYO,2021-03-01 00:00:00,040124,1,3,0.0,-53.4,0.0
AREQUIPA-AREQUIPA-VITOR,AREQUIPA-AREQUIPA-VITOR,2021-02-22 00:00:00,040125,2,3,0.0,-40.97142857142857,30.0
AREQUIPA-AREQUIPA-YANAHUARA,AREQUIPA-AREQUIPA-YANAHUARA,2021-03-01 00:00:00,040126,16,24,1.0,-53.4,91.0
AREQUIPA-AREQUIPA-YARABAMBA,AREQUIPA-AREQUIPA-YARABAMBA,2021-02-01 00:00:00,040127,1,2,0.0,-34.4,0.0
AREQUIPA-AREQUIPA-YURA,AREQUIPA-AREQUIPA-YURA,2021-03-01 00:00:00,040128,6,11,0.0,-53.4,0.0
AREQUIPA-CASTILLA-ANDAGUA,AREQUIPA-CASTILLA-ANDAGUA,2021-02-01 00:00:00,040402,1,1,0.0,-10.57142857142857,0.0
AREQUIPA-CASTILLA-APLAO,AREQUIPA-CASTILLA-APLAO,2021-03-01 00:00:00,040401,1,4,0.0,-12.4,32.0
AREQUIPA-CASTILLA-AYO,,,,,,,,
AREQUIPA-CASTILLA-CHACHAS,AREQUIPA-CASTILLA-CHACHAS,2021-02-22 00:00:00,040404,1,2,0.0,-9.97142857142857,0.0
AREQUIPA-CASTILLA-CHILCAYMARCA,,,,,,,,
AREQUIPA-CASTILLA-HUANCARQUI,AREQUIPA-CASTILLA-HUANCARQUI,2021-03-01 00:00:00,040407,1,2,0.0,-12.4,0.0
AREQUIPA-CASTILLA-MACHAGUAY,AREQUIPA-CASTILLA-MACHAGUAY,2021-02-15 00:00:00,040408,1,1,0.0,-11.114285714285714,0.0
AREQUIPA-CASTILLA-ORCOPAMPA,AREQUIPA-CASTILLA-ORCOPAMPA,2021-03-01 00:00:00,040409,3,3,0.0,-12.4,4.0
AREQUIPA-CASTILLA-PAMPACOLCA,AREQUIPA-CASTILLA-PAMPACOLCA,2021-03-01 00:00:00,040410,1,3,0.0,-12.4,0.0
AREQUIPA-CASTILLA-TIPAN,AREQUIPA-CASTILLA-TIPAN,2021-02-22 00:00:00,040411,1,1,0.0,-9.97142857142857,0.0
AREQUIPA-CASTILLA-URACA,AREQUIPA-CASTILLA-URACA,2021-02-22 00:00:00,040413,3,8,0.0,-9.97142857142857,0.0
AREQUIPA-CASTILLA-UÑON,,,,,,,,
AREQUIPA-CASTILLA-VIRACO,AREQUIPA-CASTILLA-VIRACO,2021-02-15 00:00:00,040414,1,2,0.0,-11.114285714285714,27.0
AREQUIPA-CAYLLOMA-ACHOMA,AREQUIPA-CAYLLOMA-ACHOMA,2021-02-08 00:00:00,040502,2,2,0.0,-14.45714285714286,0.0
AREQUIPA-CAYLLOMA-CABANACONDE,AREQUIPA-CAYLLOMA-CABANACONDE,2021-02-22 00:00:00,040503,2,2,0.0,-24.942857142857143,25.0
AREQUIPA-CAYLLOMA-CALLALLI,AREQUIPA-CAYLLOMA-CALLALLI,2021-02-08 00:00:00,040504,3,5,0.0,-14.45714285714286,0.0
AREQUIPA-CAYLLOMA-CAYLLOMA,AREQUIPA-CAYLLOMA-CAYLLOMA,2021-02-22 00:00:00,040505,3,3,0.0,-24.942857142857143,48.0
AREQUIPA-CAYLLOMA-CHIVAY,AREQUIPA-CAYLLOMA-CHIVAY,2021-03-01 00:00:00,040501,9,9,1.0,-42.4,0.0
AREQUIPA-CAYLLOMA-COPORAQUE,AREQUIPA-CAYLLOMA-COPORAQUE,2021-02-22 00:00:00,040506,5,5,0.0,-24.942857142857143,0.0
AREQUIPA-CAYLLOMA-HUAMBO,AREQUIPA-CAYLLOMA-HUAMBO,2020-09-14 00:00:00,040507,1,1,0.0,-27.0,0.0
AREQUIPA-CAYLLOMA-HUANCA,AREQUIPA-CAYLLOMA-HUANCA,2021-01-11 00:00:00,040508,3,3,0.0,-11.142857142857142,0.0
AREQUIPA-CAYLLOMA-ICHUPAMPA,AREQUIPA-CAYLLOMA-ICHUPAMPA,2021-02-15 00:00:00,040509,2,2,0.0,-26.08571428571429,0.0
AREQUIPA-CAYLLOMA-LARI,AREQUIPA-CAYLLOMA-LARI,2021-02-22 00:00:00,040510,1,1,0.0,-24.942857142857143,0.0
AREQUIPA-CAYLLOMA-LLUTA,AREQUIPA-CAYLLOMA-LLUTA,2021-02-15 00:00:00,040511,1,4,0.0,-26.08571428571429,0.0
AREQUIPA-CAYLLOMA-MACA,AREQUIPA-CAYLLOMA-MACA,2021-02-22 00:00:00,040512,1,2,0.0,-24.942857142857143,0.0
AREQUIPA-CAYLLOMA-MADRIGAL,AREQUIPA-CAYLLOMA-MADRIGAL,2021-03-01 00:00:00,040513,1,2,0.0,-42.4,0.0
AREQUIPA-CAYLLOMA-MAJES,AREQUIPA-CAYLLOMA-MAJES,2021-03-01 00:00:00,040520,13,24,2.0,-42.4,4.0
AREQUIPA-CAYLLOMA-SAN ANTONIO DE CHUCA,AREQUIPA-CAYLLOMA-SAN ANTONIO DE CHUCA,2021-02-22 00:00:00,040514,2,3,0.0,-24.942857142857143,0.0
AREQUIPA-CAYLLOMA-SIBAYO,AREQUIPA-CAYLLOMA-SIBAYO,2021-02-08 00:00:00,040515,1,1,0.0,-14.45714285714286,0.0
AREQUIPA-CAYLLOMA-TAPAY,AREQUIPA-CAYLLOMA-TAPAY,2021-02-08 00:00:00,040516,2,5,1.0,-14.45714285714286,0.0
AREQUIPA-CAYLLOMA-TISCO,,,,,,,,
AREQUIPA-CAYLLOMA-TUTI,AREQUIPA-CAYLLOMA-TUTI,2021-02-22 00:00:00,040518,1,1,0.0,-24.942857142857143,0.0
AREQUIPA-CAYLLOMA-YANQUE,AREQUIPA-CAYLLOMA-YANQUE,2021-02-15 00:00:00,040519,1,9,0.0,-26.08571428571429,0.0
AREQUIPA-ISLAY-COCACHACRA,AREQUIPA-ISLAY-COCACHACRA,2021-02-22 00:00:00,040702,9,8,1.0,-58.65714285714286,3.0
AREQUIPA-ISLAY-DEAN VALDIVIA,AREQUIPA-ISLAY-DEAN VALDIVIA,2021-03-01 00:00:00,040703,1,3,0.0,-73.6,0.0
AREQUIPA-ISLAY-ISLAY,AREQUIPA-ISLAY-ISLAY,2021-03-01 00:00:00,040704,2,3,0.0,-73.6,0.0
AREQUIPA-ISLAY-MEJIA,AREQUIPA-ISLAY-MEJIA,2021-02-22 00:00:00,040705,1,3,0.0,-58.65714285714286,0.0
AREQUIPA-ISLAY-MOLLENDO,AREQUIPA-ISLAY-MOLLENDO,2021-03-01 00:00:00,040701,18,26,0.0,-73.6,12.0
AREQUIPA-ISLAY-PUNTA DE BOMBON,AREQUIPA-ISLAY-PUNTA DE BOMBON,2021-02-15 00:00:00,040706,1,0,1.0,-59.74285714285715,58.0
AYACUCHO-HUAMANGA-ACOCRO,AYACUCHO-HUAMANGA-ACOCRO,2021-02-08 00:00:00,050102,1,1,0.0,-30.485714285714288,0.0
AYACUCHO-HUAMANGA-ACOS VINCHOS,AYACUCHO-HUAMANGA-ACOS VINCHOS,2021-02-22 00:00:00,050103,4,3,0.0,-35.828571428571436,19.0
AYACUCHO-HUAMANGA-AYACUCHO,AYACUCHO-HUAMANGA-AYACUCHO,2021-03-01 00:00:00,050101,76,45,0.0,-56.0,784.0
AYACUCHO-HUAMANGA-CARMEN ALTO,AYACUCHO-HUAMANGA-CARMEN ALTO,2021-03-01 00:00:00,050104,4,7,0.0,-56.0,3.0
AYACUCHO-HUAMANGA-CHIARA,AYACUCHO-HUAMANGA-CHIARA,2021-02-22 00:00:00,050105,1,1,0.0,-35.828571428571436,1.0
AYACUCHO-HUAMANGA-JESUS NAZARENO,AYACUCHO-HUAMANGA-JESUS NAZARENO,2021-03-01 00:00:00,050115,5,5,0.0,-56.0,160.0
AYACUCHO-HUAMANGA-OCROS,AYACUCHO-HUAMANGA-OCROS,2021-01-25 00:00:00,050106,1,1,0.0,-19.542857142857144,0.0
AYACUCHO-HUAMANGA-PACAYCASA,AYACUCHO-HUAMANGA-PACAYCASA,2021-03-01 00:00:00,050107,3,6,0.0,-56.0,0.0
AYACUCHO-HUAMANGA-QUINUA,AYACUCHO-HUAMANGA-QUINUA,2021-03-01 00:00:00,050108,2,4,0.0,-56.0,0.0
AYACUCHO-HUAMANGA-SAN JOSE DE TICLLAS,AYACUCHO-HUAMANGA-SAN JOSE DE TICLLAS,2021-03-01 00:00:00,050109,1,2,0.0,-56.0,0.0
AYACUCHO-HUAMANGA-SAN JUAN BAUTISTA,AYACUCHO-HUAMANGA-SAN JUAN BAUTISTA,2021-03-01 00:00:00,050110,40,43,1.0,-56.0,115.0
AYACUCHO-HUAMANGA-SANTIAGO DE PISCHA,AYACUCHO-HUAMANGA-SANTIAGO DE PISCHA,2021-02-15 00:00:00,050111,2,2,0.0,-39.77142857142857,7.0
AYACUCHO-HUAMANGA-SOCOS,AYACUCHO-HUAMANGA-SOCOS,2021-02-22 00:00:00,050112,1,2,0.0,-35.828571428571436,2.0
AYACUCHO-HUAMANGA-TAMBILLO,AYACUCHO-HUAMANGA-TAMBILLO,2021-03-01 00:00:00,050113,1,1,0.0,-56.0,0.0
AYACUCHO-HUAMANGA-VINCHOS,AYACUCHO-HUAMANGA-VINCHOS,2021-03-01 00:00:00,050114,1,3,0.0,-56.0,2.0
AYACUCHO-HUANTA-AYAHUANCO,AYACUCHO-HUANTA-AYAHUANCO,2021-02-22 00:00:00,050402,5,8,0.0,-7.885714285714286,1.0
AYACUCHO-HUANTA-CANAYRE,AYACUCHO-HUANTA-CANAYRE,2021-02-22 00:00:00,050409,4,5,0.0,-7.885714285714286,2.0
AYACUCHO-HUANTA-CHACA,,,,,,,,
AYACUCHO-HUANTA-HUAMANGUILLA,AYACUCHO-HUANTA-HUAMANGUILLA,2021-02-15 00:00:00,050403,1,1,0.0,-7.2857142857142865,41.0
AYACUCHO-HUANTA-HUANTA,AYACUCHO-HUANTA-HUANTA,2021-03-01 00:00:00,050401,17,52,0.0,-19.8,278.0
AYACUCHO-HUANTA-IGUAIN,AYACUCHO-HUANTA-IGUAIN,2021-01-18 00:00:00,050404,1,0,0.0,-4.342857142857143,0.0
AYACUCHO-HUANTA-LLOCHEGUA,AYACUCHO-HUANTA-LLOCHEGUA,2021-03-01 00:00:00,050408,7,13,0.0,-19.8,20.0
AYACUCHO-HUANTA-LURICOCHA,AYACUCHO-HUANTA-LURICOCHA,2021-03-01 00:00:00,050405,3,9,0.0,-19.8,3.0
AYACUCHO-HUANTA-PUCACOLPA,AYACUCHO-HUANTA-PUCACOLPA,2021-02-22 00:00:00,050411,1,1,0.0,-7.885714285714286,1.0
AYACUCHO-HUANTA-SANTILLANA,AYACUCHO-HUANTA-SANTILLANA,2021-02-01 00:00:00,050406,1,2,0.0,-8.685714285714287,0.0
AYACUCHO-HUANTA-SIVIA,AYACUCHO-HUANTA-SIVIA,2021-03-01 00:00:00,050407,5,14,0.0,-19.8,40.0
AYACUCHO-HUANTA-UCHURACCAY,AYACUCHO-HUANTA-UCHURACCAY,2021-02-22 00:00:00,050410,1,0,0.0,-7.885714285714286,3.0
AYACUCHO-LA MAR-ANCHIHUAY,AYACUCHO-LA MAR-ANCHIHUAY,2021-02-15 00:00:00,050510,4,3,0.0,-6.685714285714286,6.0
AYACUCHO-LA MAR-ANCO,AYACUCHO-LA MAR-ANCO,2021-03-01 00:00:00,050502,3,1,0.0,-5.2,15.0
AYACUCHO-LA MAR-AYNA,AYACUCHO-LA MAR-AYNA,2021-03-01 00:00:00,050503,13,16,1.0,-5.2,125.0
AYACUCHO-LA MAR-CHILCAS,,,,,,,,
AYACUCHO-LA MAR-CHUNGUI,AYACUCHO-LA MAR-CHUNGUI,2021-03-01 00:00:00,050505,1,1,0.0,-5.2,4.0
AYACUCHO-LA MAR-LUIS CARRANZA,,,,,,,,
AYACUCHO-LA MAR-ORONCCOY,,,,,,,,
AYACUCHO-LA MAR-SAMUGARI,AYACUCHO-LA MAR-SAMUGARI,2021-03-01 00:00:00,050509,1,3,0.0,-5.2,14.0
AYACUCHO-LA MAR-SAN MIGUEL,AYACUCHO-LA MAR-SAN MIGUEL,2021-03-01 00:00:00,050501,4,19,0.0,-5.2,145.0
AYACUCHO-LA MAR-SANTA ROSA,AYACUCHO-LA MAR-SANTA ROSA,2021-03-01 00:00:00,050507,2,2,0.0,-5.2,1.0
AYACUCHO-LA MAR-TAMBO,AYACUCHO-LA MAR-TAMBO,2021-02-15 00:00:00,050508,2,3,0.0,-6.685714285714286,42.0
AYACUCHO-LUCANAS-AUCARA,AYACUCHO-LUCANAS-AUCARA,2021-02-15 00:00:00,050602,1,2,0.0,-7.114285714285714,21.0
AYACUCHO-LUCANAS-CABANA,AYACUCHO-LUCANAS-CABANA,2021-02-22 00:00:00,050603,2,3,0.0,-7.257142857142857,0.0
AYACUCHO-LUCANAS-CARMEN SALCEDO,AYACUCHO-LUCANAS-CARMEN SALCEDO,2021-02-22 00:00:00,050604,1,1,0.0,-7.257142857142857,0.0
AYACUCHO-LUCANAS-CHAVIÑA,AYACUCHO-LUCANAS-CHAVIÑA,2021-02-15 00:00:00,050605,1,3,0.0,-7.114285714285714,10.0
AYACUCHO-LUCANAS-CHIPAO,AYACUCHO-LUCANAS-CHIPAO,2021-02-15 00:00:00,050606,4,2,0.0,-7.114285714285714,17.0
AYACUCHO-LUCANAS-LARAMATE,AYACUCHO-LUCANAS-LARAMATE,2021-02-08 00:00:00,050608,2,2,0.0,-7.485714285714286,0.0
AYACUCHO-LUCANAS-LEONCIO PRADO,AYACUCHO-LUCANAS-LEONCIO PRADO,2021-02-22 00:00:00,050609,1,1,0.0,-7.257142857142857,0.0
AYACUCHO-LUCANAS-LLAUTA,,,,,,,,
AYACUCHO-LUCANAS-LUCANAS,AYACUCHO-LUCANAS-LUCANAS,2021-02-22 00:00:00,050611,1,1,0.0,-7.257142857142857,0.0
AYACUCHO-LUCANAS-OCAÑA,AYACUCHO-LUCANAS-OCAÑA,2021-02-08 00:00:00,050612,4,4,0.0,-7.485714285714286,0.0
AYACUCHO-LUCANAS-OTOCA,AYACUCHO-LUCANAS-OTOCA,2021-02-22 00:00:00,050613,3,3,0.0,-7.257142857142857,2.0
AYACUCHO-LUCANAS-PUQUIO,AYACUCHO-LUCANAS-PUQUIO,2021-03-01 00:00:00,050601,5,5,0.0,-8.0,245.0
AYACUCHO-LUCANAS-SAN CRISTOBAL,AYACUCHO-LUCANAS-SAN CRISTOBAL,2021-03-01 00:00:00,050615,2,2,0.0,-8.0,0.0
AYACUCHO-LUCANAS-SAN JUAN,AYACUCHO-LUCANAS-SAN JUAN,2021-02-15 00:00:00,050616,1,1,0.0,-7.114285714285714,6.0
AYACUCHO-LUCANAS-SAN PEDRO,AYACUCHO-LUCANAS-SAN PEDRO,2021-02-22 00:00:00,050617,1,1,0.0,-7.257142857142857,2.0
AYACUCHO-LUCANAS-SAN PEDRO DE PALCO,,,,,,,,
AYACUCHO-LUCANAS-SANCOS,AYACUCHO-LUCANAS-SANCOS,2021-03-01 00:00:00,050619,1,3,0.0,-8.0,1.0
AYACUCHO-LUCANAS-SANTA ANA DE HUAYCAHUACHO,,,,,,,,
AYACUCHO-LUCANAS-SANTA LUCIA,,,,,,,,
CAJAMARCA-CAJABAMBA-CACHACHI,CAJAMARCA-CAJABAMBA-CACHACHI,2021-03-01 00:00:00,060202,1,3,1.0,-16.0,3.0
CAJAMARCA-CAJABAMBA-CAJABAMBA,CAJAMARCA-CAJABAMBA-CAJABAMBA,2021-03-01 00:00:00,060201,8,13,2.0,-16.0,32.0
CAJAMARCA-CAJABAMBA-CONDEBAMBA,CAJAMARCA-CAJABAMBA-CONDEBAMBA,2021-02-22 00:00:00,060203,8,3,0.0,-11.028571428571427,27.0
CAJAMARCA-CAJABAMBA-SITACOCHA,CAJAMARCA-CAJABAMBA-SITACOCHA,2021-02-22 00:00:00,060204,1,1,0.0,-11.028571428571427,36.0
CAJAMARCA-CAJAMARCA-ASUNCION,CAJAMARCA-CAJAMARCA-ASUNCION,2020-12-14 00:00:00,060102,1,0,0.0,-21.628571428571426,0.0
CAJAMARCA-CAJAMARCA-CAJAMARCA,CAJAMARCA-CAJAMARCA-CAJAMARCA,2021-03-01 00:00:00,060101,193,181,2.0,-47.0,1383.0
CAJAMARCA-CAJAMARCA-CHETILLA,CAJAMARCA-CAJAMARCA-CHETILLA,2020-11-30 00:00:00,060103,1,1,1.0,-29.742857142857144,0.0
CAJAMARCA-CAJAMARCA-COSPAN,CAJAMARCA-CAJAMARCA-COSPAN,2021-02-15 00:00:00,060104,1,3,0.0,-33.228571428571435,0.0
CAJAMARCA-CAJAMARCA-ENCAÑADA,CAJAMARCA-CAJAMARCA-ENCAÑADA,2021-03-01 00:00:00,060105,2,8,0.0,-47.0,2.0
CAJAMARCA-CAJAMARCA-JESUS,CAJAMARCA-CAJAMARCA-JESUS,2021-03-01 00:00:00,060106,1,6,0.0,-47.0,7.0
CAJAMARCA-CAJAMARCA-LLACANORA,CAJAMARCA-CAJAMARCA-LLACANORA,2021-02-08 00:00:00,060107,1,3,0.0,-36.2,0.0
CAJAMARCA-CAJAMARCA-LOS BAÑOS DEL INCA,CAJAMARCA-CAJAMARCA-LOS BAÑOS DEL INCA,2021-03-01 00:00:00,060108,14,6,1.0,-47.0,50.0
CAJAMARCA-CAJAMARCA-MAGDALENA,CAJAMARCA-CAJAMARCA-MAGDALENA,2021-02-22 00:00:00,060109,3,7,0.0,-32.0,47.0
CAJAMARCA-CAJAMARCA-MATARA,CAJAMARCA-CAJAMARCA-MATARA,2021-02-22 00:00:00,060110,1,2,0.0,-32.0,0.0
CAJAMARCA-CAJAMARCA-NAMORA,CAJAMARCA-CAJAMARCA-NAMORA,2021-02-22 00:00:00,060111,1,3,0.0,-32.0,0.0
CAJAMARCA-CAJAMARCA-SAN JUAN,CAJAMARCA-CAJAMARCA-SAN JUAN,2021-02-15 00:00:00,060112,1,4,0.0,-33.228571428571435,0.0
CAJAMARCA-CHOTA-ANGUIA,CAJAMARCA-CHOTA-ANGUIA,2021-02-15 00:00:00,060402,1,1,0.0,-12.6,0.0
CAJAMARCA-CHOTA-CHALAMARCA,CAJAMARCA-CHOTA-CHALAMARCA,2021-01-11 00:00:00,060419,1,2,0.0,-8.542857142857141,0.0
CAJAMARCA-CHOTA-CHIGUIRIP,CAJAMARCA-CHOTA-CHIGUIRIP,2021-02-22 00:00:00,060404,1,2,0.0,-10.942857142857145,19.0
CAJAMARCA-CHOTA-CHIMBAN,CAJAMARCA-CHOTA-CHIMBAN,2021-01-11 00:00:00,060405,1,1,0.0,-8.542857142857141,0.0
CAJAMARCA-CHOTA-CHOROPAMPA,CAJAMARCA-CHOTA-CHOROPAMPA,2021-02-15 00:00:00,060406,2,1,0.0,-12.6,0.0
CAJAMARCA-CHOTA-CHOTA,CAJAMARCA-CHOTA-CHOTA,2021-03-01 00:00:00,060401,8,2,0.0,-20.0,172.0
CAJAMARCA-CHOTA-COCHABAMBA,CAJAMARCA-CHOTA-COCHABAMBA,2021-02-22 00:00:00,060407,2,4,0.0,-10.942857142857145,29.0
CAJAMARCA-CHOTA-CONCHAN,CAJAMARCA-CHOTA-CONCHAN,2021-02-22 00:00:00,060408,2,3,0.0,-10.942857142857145,27.0
CAJAMARCA-CHOTA-HUAMBOS,CAJAMARCA-CHOTA-HUAMBOS,2021-02-22 00:00:00,060409,2,1,1.0,-10.942857142857145,22.0
CAJAMARCA-CHOTA-LAJAS,CAJAMARCA-CHOTA-LAJAS,2021-02-22 00:00:00,060410,1,0,1.0,-10.942857142857145,74.0
CAJAMARCA-CHOTA-LLAMA,CAJAMARCA-CHOTA-LLAMA,2021-02-22 00:00:00,060411,7,4,0.0,-10.942857142857145,25.0
CAJAMARCA-CHOTA-MIRACOSTA,CAJAMARCA-CHOTA-MIRACOSTA,2021-01-18 00:00:00,060412,1,2,0.0,-11.085714285714285,0.0
CAJAMARCA-CHOTA-PACCHA,CAJAMARCA-CHOTA-PACCHA,2021-02-22 00:00:00,060413,1,1,0.0,-10.942857142857145,55.0
CAJAMARCA-CHOTA-PION,CAJAMARCA-CHOTA-PION,2021-02-08 00:00:00,060414,2,46,0.0,-14.085714285714285,0.0
CAJAMARCA-CHOTA-QUEROCOTO,CAJAMARCA-CHOTA-QUEROCOTO,2021-02-22 00:00:00,060415,7,3,0.0,-10.942857142857145,28.0
CAJAMARCA-CHOTA-SAN JUAN DE LICUPIS,CAJAMARCA-CHOTA-SAN JUAN DE LICUPIS,2020-10-19 00:00:00,060416,1,0,0.0,-8.742857142857144,0.0
CAJAMARCA-CHOTA-TACABAMBA,CAJAMARCA-CHOTA-TACABAMBA,2021-03-01 00:00:00,060417,3,4,0.0,-20.0,46.0
CAJAMARCA-CHOTA-TOCMOCHE,CAJAMARCA-CHOTA-TOCMOCHE,2021-02-22 00:00:00,060418,1,1,0.0,-10.942857142857145,25.0
CAJAMARCA-CUTERVO-CALLAYUC,CAJAMARCA-CUTERVO-CALLAYUC,2021-02-08 00:00:00,060602,3,3,1.0,-5.3,0.0
CAJAMARCA-CUTERVO-CHOROS,CAJAMARCA-CUTERVO-CHOROS,2021-02-15 00:00:00,060603,1,1,0.0,-4.4,0.0
CAJAMARCA-CUTERVO-CUJILLO,CAJAMARCA-CUTERVO-CUJILLO,2021-03-01 00:00:00,060604,1,3,0.0,-7.4,14.0
CAJAMARCA-CUTERVO-CUTERVO,CAJAMARCA-CUTERVO-CUTERVO,2021-03-01 00:00:00,060601,3,3,0.0,-7.4,335.0
CAJAMARCA-CUTERVO-LA RAMADA,CAJAMARCA-CUTERVO-LA RAMADA,2021-03-01 00:00:00,060605,2,3,0.0,-7.4,0.0
CAJAMARCA-CUTERVO-PIMPINGOS,CAJAMARCA-CUTERVO-PIMPINGOS,2021-02-15 00:00:00,060606,1,1,0.0,-4.4,0.0
CAJAMARCA-CUTERVO-QUEROCOTILLO,CAJAMARCA-CUTERVO-QUEROCOTILLO,2021-03-01 00:00:00,060607,2,2,0.0,-7.4,0.0
CAJAMARCA-CUTERVO-SAN ANDRES DE CUTERVO,CAJAMARCA-CUTERVO-SAN ANDRES DE CUTERVO,2021-02-22 00:00:00,060608,3,3,0.0,-3.542857142857143,0.0
CAJAMARCA-CUTERVO-SAN JUAN DE CUTERVO,CAJAMARCA-CUTERVO-SAN JUAN DE CUTERVO,2021-02-08 00:00:00,060609,1,5,0.0,-5.3,0.0
CAJAMARCA-CUTERVO-SAN LUIS DE LUCMA,CAJAMARCA-CUTERVO-SAN LUIS DE LUCMA,2021-02-22 00:00:00,060610,2,2,1.0,-3.542857142857143,0.0
CAJAMARCA-CUTERVO-SANTA CRUZ,CAJAMARCA-CUTERVO-SANTA CRUZ,2021-02-08 00:00:00,060611,2,2,0.0,-5.3,0.0
CAJAMARCA-CUTERVO-SANTO DOMINGO DE LA CAPILLA,CAJAMARCA-CUTERVO-SANTO DOMINGO DE LA CAPILLA,2021-02-22 00:00:00,060612,1,1,0.0,-3.542857142857143,33.0
CAJAMARCA-CUTERVO-SANTO TOMAS,CAJAMARCA-CUTERVO-SANTO TOMAS,2021-03-01 00:00:00,060613,2,3,0.0,-7.4,0.0
CAJAMARCA-CUTERVO-SOCOTA,CAJAMARCA-CUTERVO-SOCOTA,2021-02-22 00:00:00,060614,10,8,0.0,-3.542857142857143,0.0
CAJAMARCA-CUTERVO-TORIBIO CASANOVA,CAJAMARCA-CUTERVO-TORIBIO CASANOVA,2021-02-01 00:00:00,060615,2,2,0.0,-3.2285714285714286,0.0
CAJAMARCA-HUALGAYOC-BAMBAMARCA,CAJAMARCA-HUALGAYOC-BAMBAMARCA,2021-02-22 00:00:00,060701,80,67,0.0,-3.6399999999999997,9.0
CAJAMARCA-HUALGAYOC-CHUGUR,CAJAMARCA-HUALGAYOC-CHUGUR,2021-02-15 00:00:00,060702,2,2,0.0,-3.0,0.0
CAJAMARCA-HUALGAYOC-HUALGAYOC,CAJAMARCA-HUALGAYOC-HUALGAYOC,2021-02-22 00:00:00,060703,6,6,0.0,-3.6399999999999997,0.0
CAJAMARCA-SAN IGNACIO-CHIRINOS,CAJAMARCA-SAN IGNACIO-CHIRINOS,2021-02-22 00:00:00,060902,1,4,0.0,-3.5142857142857147,54.0
CAJAMARCA-SAN IGNACIO-HUARANGO,CAJAMARCA-SAN IGNACIO-HUARANGO,2021-02-22 00:00:00,060903,1,6,1.0,-3.5142857142857147,90.0
CAJAMARCA-SAN IGNACIO-LA COIPA,CAJAMARCA-SAN IGNACIO-LA COIPA,2021-02-15 00:00:00,060904,5,7,0.0,-4.514285714285714,0.0
CAJAMARCA-SAN IGNACIO-NAMBALLE,CAJAMARCA-SAN IGNACIO-NAMBALLE,2021-03-01 00:00:00,060905,2,2,1.0,-4.6,0.0
CAJAMARCA-SAN IGNACIO-SAN IGNACIO,CAJAMARCA-SAN IGNACIO-SAN IGNACIO,2021-02-22 00:00:00,060901,8,0,0.0,-3.5142857142857147,206.0
CAJAMARCA-SAN IGNACIO-SAN JOSE DE LOURDES,CAJAMARCA-SAN IGNACIO-SAN JOSE DE LOURDES,2021-03-01 00:00:00,060906,7,8,0.0,-4.6,5.0
CAJAMARCA-SAN IGNACIO-TABACONAS,CAJAMARCA-SAN IGNACIO-TABACONAS,2021-02-22 00:00:00,060907,3,1,0.0,-3.5142857142857147,58.0
CUSCO-CALCA-CALCA,CUSCO-CALCA-CALCA,2021-03-01 00:00:00,080401,3,7,0.0,-15.2,35.0
CUSCO-CALCA-COYA,CUSCO-CALCA-COYA,2021-03-01 00:00:00,080402,1,0,0.0,-15.2,0.0
CUSCO-CALCA-LAMAY,CUSCO-CALCA-LAMAY,2021-02-22 00:00:00,080403,1,1,0.0,-6.485714285714286,1.0
CUSCO-CALCA-LARES,CUSCO-CALCA-LARES,2021-03-01 00:00:00,080404,1,0,0.0,-15.2,0.0
CUSCO-CALCA-PISAC,CUSCO-CALCA-PISAC,2021-02-22 00:00:00,080405,3,2,0.0,-6.485714285714286,3.0
CUSCO-CALCA-SAN SALVADOR,CUSCO-CALCA-SAN SALVADOR,2021-02-22 00:00:00,080406,2,2,0.0,-6.485714285714286,2.0
CUSCO-CALCA-TARAY,CUSCO-CALCA-TARAY,2021-02-22 00:00:00,080407,1,1,0.0,-6.485714285714286,0.0
CUSCO-CALCA-YANATILE,CUSCO-CALCA-YANATILE,2021-03-01 00:00:00,080408,3,4,0.0,-15.2,12.0
CUSCO-CANCHIS-CHECACUPE,CUSCO-CANCHIS-CHECACUPE,2021-02-22 00:00:00,080602,5,6,1.0,-22.17142857142857,6.0
CUSCO-CANCHIS-COMBAPATA,CUSCO-CANCHIS-COMBAPATA,2021-03-01 00:00:00,080603,5,8,0.0,-30.8,25.0
CUSCO-CANCHIS-MARANGANI,CUSCO-CANCHIS-MARANGANI,2021-03-01 00:00:00,080604,1,6,0.0,-30.8,0.0
CUSCO-CANCHIS-PITUMARCA,CUSCO-CANCHIS-PITUMARCA,2021-03-01 00:00:00,080605,1,3,0.0,-30.8,0.0
CUSCO-CANCHIS-SAN PABLO,CUSCO-CANCHIS-SAN PABLO,2021-02-22 00:00:00,080606,1,0,1.0,-22.17142857142857,5.0
CUSCO-CANCHIS-SAN PEDRO,CUSCO-CANCHIS-SAN PEDRO,2021-02-22 00:00:00,080607,5,1,0.0,-22.17142857142857,1.0
CUSCO-CANCHIS-SICUANI,CUSCO-CANCHIS-SICUANI,2021-03-01 00:00:00,080601,26,23,0.0,-30.8,133.0
CUSCO-CANCHIS-TINTA,CUSCO-CANCHIS-TINTA,2021-03-01 00:00:00,080608,2,4,0.0,-30.8,0.0
CUSCO-CUSCO-CCORCA,CUSCO-CUSCO-CCORCA,2021-02-22 00:00:00,080102,1,2,0.0,-45.114285714285714,0.0
CUSCO-CUSCO-CUSCO,CUSCO-CUSCO-CUSCO,2021-03-01 00:00:00,080101,69,70,1.0,-56.8,601.0
CUSCO-CUSCO-POROY,CUSCO-CUSCO-POROY,2021-02-22 00:00:00,080103,4,3,0.0,-45.114285714285714,2.0
CUSCO-CUSCO-SAN JERONIMO,CUSCO-CUSCO-SAN JERONIMO,2021-03-01 00:00:00,080104,75,82,0.0,-56.8,132.0
CUSCO-CUSCO-SAN SEBASTIAN,CUSCO-CUSCO-SAN SEBASTIAN,2021-03-01 00:00:00,080105,40,37,1.0,-56.8,61.0
CUSCO-CUSCO-SANTIAGO,CUSCO-CUSCO-SANTIAGO,2021-03-01 00:00:00,080106,50,64,2.0,-56.8,684.0
CUSCO-CUSCO-SAYLLA,CUSCO-CUSCO-SAYLLA,2021-02-22 00:00:00,080107,7,3,0.0,-45.114285714285714,4.0
CUSCO-CUSCO-WANCHAQ,CUSCO-CUSCO-WANCHAQ,2021-03-01 00:00:00,080108,60,54,1.0,-56.8,233.0
CUSCO-ESPINAR-ALTO PICHIGUA,CUSCO-ESPINAR-ALTO PICHIGUA,2020-12-21 00:00:00,080808,1,0,0.0,-5.571428571428572,0.0
CUSCO-ESPINAR-CONDOROMA,,,,,,,,
CUSCO-ESPINAR-COPORAQUE,CUSCO-ESPINAR-COPORAQUE,2021-02-15 00:00:00,080803,1,2,0.0,-13.085714285714285,8.0
CUSCO-ESPINAR-ESPINAR,CUSCO-ESPINAR-ESPINAR,2021-03-01 00:00:00,080801,11,11,0.0,-11.4,52.0
CUSCO-ESPINAR-OCORURO,CUSCO-ESPINAR-OCORURO,2021-01-11 00:00:00,080804,2,2,0.0,-7.257142857142858,0.0
CUSCO-ESPINAR-PALLPATA,CUSCO-ESPINAR-PALLPATA,2021-03-01 00:00:00,080805,1,4,0.0,-11.4,0.0
CUSCO-ESPINAR-PICHIGUA,CUSCO-ESPINAR-PICHIGUA,2021-02-22 00:00:00,080806,1,3,0.0,-11.971428571428572,15.0
CUSCO-ESPINAR-SUYCKUTAMBO,CUSCO-ESPINAR-SUYCKUTAMBO,2020-12-14 00:00:00,080807,1,0,0.0,-1.714285714285714,0.0
CUSCO-QUISPICANCHI-ANDAHUAYLILLAS,CUSCO-QUISPICANCHI-ANDAHUAYLILLAS,2021-03-01 00:00:00,081202,2,5,0.0,-11.4,0.0
CUSCO-QUISPICANCHI-CAMANTI,CUSCO-QUISPICANCHI-CAMANTI,2021-03-01 00:00:00,081203,1,1,0.0,-11.4,0.0
CUSCO-QUISPICANCHI-CCARHUAYO,CUSCO-QUISPICANCHI-CCARHUAYO,2021-02-22 00:00:00,081204,2,2,1.0,-12.142857142857142,6.0
CUSCO-QUISPICANCHI-CCATCA,CUSCO-QUISPICANCHI-CCATCA,2021-02-15 00:00:00,081205,5,7,0.0,-12.514285714285716,15.0
CUSCO-QUISPICANCHI-CUSIPATA,CUSCO-QUISPICANCHI-CUSIPATA,2021-02-22 00:00:00,081206,1,1,0.0,-12.142857142857142,7.0
CUSCO-QUISPICANCHI-HUARO,CUSCO-QUISPICANCHI-HUARO,2021-02-22 00:00:00,081207,1,0,0.0,-12.142857142857142,16.0
CUSCO-QUISPICANCHI-LUCRE,CUSCO-QUISPICANCHI-LUCRE,2021-03-01 00:00:00,081208,1,5,0.0,-11.4,0.0
CUSCO-QUISPICANCHI-MARCAPATA,CUSCO-QUISPICANCHI-MARCAPATA,2021-03-01 00:00:00,081209,2,3,0.0,-11.4,0.0
CUSCO-QUISPICANCHI-OCONGATE,CUSCO-QUISPICANCHI-OCONGATE,2021-03-01 00:00:00,081210,1,6,0.0,-11.4,20.0
CUSCO-QUISPICANCHI-OROPESA,CUSCO-QUISPICANCHI-OROPESA,2021-03-01 00:00:00,081211,3,5,0.0,-11.4,0.0
CUSCO-QUISPICANCHI-QUIQUIJANA,CUSCO-QUISPICANCHI-QUIQUIJANA,2021-02-22 00:00:00,081212,3,3,0.0,-12.142857142857142,3.0
CUSCO-QUISPICANCHI-URCOS,CUSCO-QUISPICANCHI-URCOS,2021-03-01 00:00:00,081201,9,10,2.0,-11.4,30.0
CUSCO-URUBAMBA-CHINCHERO,CUSCO-URUBAMBA-CHINCHERO,2021-03-01 00:00:00,081302,2,3,0.0,-57.8,17.0
CUSCO-URUBAMBA-HUAYLLABAMBA,CUSCO-URUBAMBA-HUAYLLABAMBA,2021-03-01 00:00:00,081303,3,4,0.0,-57.8,0.0
CUSCO-URUBAMBA-MACHUPICCHU,CUSCO-URUBAMBA-MACHUPICCHU,2021-03-01 00:00:00,081304,2,4,0.0,-57.8,19.0
CUSCO-URUBAMBA-MARAS,CUSCO-URUBAMBA-MARAS,2021-02-22 00:00:00,081305,1,0,1.0,-41.05714285714286,0.0
CUSCO-URUBAMBA-OLLANTAYTAMBO,CUSCO-URUBAMBA-OLLANTAYTAMBO,2021-03-01 00:00:00,081306,5,10,0.0,-57.8,20.0
CUSCO-URUBAMBA-URUBAMBA,CUSCO-URUBAMBA-URUBAMBA,2021-03-01 00:00:00,081301,22,31,0.0,-57.8,31.0
CUSCO-URUBAMBA-YUCAY,CUSCO-URUBAMBA-YUCAY,2021-02-22 00:00:00,081307,11,5,1.0,-41.05714285714286,0.0
HUANCAVELICA-HUANCAVELICA-ACOBAMBILLA,HUANCAVELICA-HUANCAVELICA-ACOBAMBILLA,2021-02-08 00:00:00,090102,1,3,0.0,-29.714285714285715,0.0
HUANCAVELICA-HUANCAVELICA-ACORIA,HUANCAVELICA-HUANCAVELICA-ACORIA,2021-03-01 00:00:00,090103,4,5,0.0,-36.8,14.0
HUANCAVELICA-HUANCAVELICA-ASCENSION,HUANCAVELICA-HUANCAVELICA-ASCENSION,2021-03-01 00:00:00,090118,2,5,0.0,-36.8,83.0
HUANCAVELICA-HUANCAVELICA-CONAYCA,HUANCAVELICA-HUANCAVELICA-CONAYCA,2020-10-12 00:00:00,090104,2,2,0.0,-18.428571428571427,0.0
HUANCAVELICA-HUANCAVELICA-CUENCA,HUANCAVELICA-HUANCAVELICA-CUENCA,2021-02-22 00:00:00,090105,1,1,0.0,-27.485714285714288,5.0
HUANCAVELICA-HUANCAVELICA-HUACHOCOLPA,HUANCAVELICA-HUANCAVELICA-HUACHOCOLPA,2021-02-22 00:00:00,090106,2,5,0.0,-27.485714285714288,3.0
HUANCAVELICA-HUANCAVELICA-HUANCAVELICA,HUANCAVELICA-HUANCAVELICA-HUANCAVELICA,2021-03-01 00:00:00,090101,10,0,3.0,-36.8,316.0
HUANCAVELICA-HUANCAVELICA-HUANDO,HUANCAVELICA-HUANCAVELICA-HUANDO,2021-03-01 00:00:00,090119,2,3,0.0,-36.8,16.0
HUANCAVELICA-HUANCAVELICA-IZCUCHACA,HUANCAVELICA-HUANCAVELICA-IZCUCHACA,2021-03-01 00:00:00,090108,4,3,0.0,-36.8,0.0
HUANCAVELICA-HUANCAVELICA-MANTA,,,,,,,,
HUANCAVELICA-HUANCAVELICA-MARISCAL CACERES,HUANCAVELICA-HUANCAVELICA-MARISCAL CACERES,2021-02-15 00:00:00,090111,1,5,0.0,-28.8,4.0
HUANCAVELICA-HUANCAVELICA-MOYA,HUANCAVELICA-HUANCAVELICA-MOYA,2020-11-09 00:00:00,090112,1,1,0.0,-16.714285714285715,0.0
HUANCAVELICA-HUANCAVELICA-NUEVO OCCORO,HUANCAVELICA-HUANCAVELICA-NUEVO OCCORO,2021-01-25 00:00:00,090113,1,1,0.0,-16.342857142857145,0.0
HUANCAVELICA-HUANCAVELICA-PALCA,HUANCAVELICA-HUANCAVELICA-PALCA,2021-02-01 00:00:00,090114,1,4,1.0,-32.05714285714286,0.0
HUANCAVELICA-HUANCAVELICA-PILCHACA,,,,,,,,
HUANCAVELICA-HUANCAVELICA-VILCA,HUANCAVELICA-HUANCAVELICA-VILCA,2021-03-01 00:00:00,090116,1,1,0.0,-36.8,0.0
HUANCAVELICA-HUANCAVELICA-YAULI,HUANCAVELICA-HUANCAVELICA-YAULI,2021-03-01 00:00:00,090117,1,6,0.0,-36.8,24.0
HUANCAVELICA-TAYACAJA-ACOSTAMBO,HUANCAVELICA-TAYACAJA-ACOSTAMBO,2021-02-22 00:00:00,090702,1,1,1.0,-6.685714285714286,19.0
HUANCAVELICA-TAYACAJA-ACRAQUIA,HUANCAVELICA-TAYACAJA-ACRAQUIA,2021-03-01 00:00:00,090703,2,8,0.0,-8.8,0.0
HUANCAVELICA-TAYACAJA-AHUAYCHA,HUANCAVELICA-TAYACAJA-AHUAYCHA,2021-03-01 00:00:00,090704,1,1,0.0,-8.8,0.0
HUANCAVELICA-TAYACAJA-ANDAYMARCA,HUANCAVELICA-TAYACAJA-ANDAYMARCA,2021-02-15 00:00:00,090720,2,3,0.0,-7.4,18.0
HUANCAVELICA-TAYACAJA-COLCABAMBA,HUANCAVELICA-TAYACAJA-COLCABAMBA,2021-03-01 00:00:00,090705,1,4,0.0,-8.8,41.0
HUANCAVELICA-TAYACAJA-DANIEL HERNANDEZ,HUANCAVELICA-TAYACAJA-DANIEL HERNANDEZ,2021-03-01 00:00:00,090706,3,28,1.0,-8.8,7.0
HUANCAVELICA-TAYACAJA-HUACHOCOLPA,HUANCAVELICA-TAYACAJA-HUACHOCOLPA,2021-02-15 00:00:00,090707,2,3,0.0,-7.4,16.0
HUANCAVELICA-TAYACAJA-HUARIBAMBA,HUANCAVELICA-TAYACAJA-HUARIBAMBA,2021-02-01 00:00:00,090709,3,5,0.0,-5.342857142857143,0.0
HUANCAVELICA-TAYACAJA-PAMPAS,HUANCAVELICA-TAYACAJA-PAMPAS,2021-03-01 00:00:00,090701,12,12,1.0,-8.8,126.0
HUANCAVELICA-TAYACAJA-PAZOS,HUANCAVELICA-TAYACAJA-PAZOS,2021-02-15 00:00:00,090711,1,2,0.0,-7.4,20.0
HUANCAVELICA-TAYACAJA-PICHOS,HUANCAVELICA-TAYACAJA-PICHOS,2021-02-22 00:00:00,090722,1,1,0.0,-6.685714285714286,9.0
HUANCAVELICA-TAYACAJA-QUICHUAS,HUANCAVELICA-TAYACAJA-QUICHUAS,2020-11-02 00:00:00,090719,1,1,0.0,-3.4857142857142853,0.0
HUANCAVELICA-TAYACAJA-QUISHUAR,HUANCAVELICA-TAYACAJA-QUISHUAR,2021-02-15 00:00:00,090713,1,1,0.0,-7.4,4.0
HUANCAVELICA-TAYACAJA-ROBLE,HUANCAVELICA-TAYACAJA-ROBLE,2021-02-08 00:00:00,090721,1,2,0.0,-6.742857142857143,0.0
HUANCAVELICA-TAYACAJA-SALCABAMBA,HUANCAVELICA-TAYACAJA-SALCABAMBA,2021-03-01 00:00:00,090714,1,1,0.0,-8.8,0.0
HUANCAVELICA-TAYACAJA-SALCAHUASI,HUANCAVELICA-TAYACAJA-SALCAHUASI,2020-09-28 00:00:00,090715,1,6,0.0,-4.8,0.0
HUANCAVELICA-TAYACAJA-SAN MARCOS DE ROCCHAC,HUANCAVELICA-TAYACAJA-SAN MARCOS DE ROCCHAC,2021-02-08 00:00:00,090716,2,4,0.0,-6.742857142857143,0.0
HUANCAVELICA-TAYACAJA-SANTIAGO DE TUCUMA,HUANCAVELICA-TAYACAJA-SANTIAGO DE TUCUMA,2021-02-22 00:00:00,090723,1,9,0.0,-6.685714285714286,0.0
HUANCAVELICA-TAYACAJA-SURCUBAMBA,HUANCAVELICA-TAYACAJA-SURCUBAMBA,2021-03-01 00:00:00,090717,2,17,0.0,-8.8,21.0
HUANCAVELICA-TAYACAJA-TINTAY PUNCU,HUANCAVELICA-TAYACAJA-TINTAY PUNCU,2021-03-01 00:00:00,090718,2,4,0.0,-8.8,3.0
HUANCAVELICA-TAYACAJA-ÑAHUIMPUQUIO,HUANCAVELICA-TAYACAJA-ÑAHUIMPUQUIO,2021-02-15 00:00:00,090710,1,1,0.0,-7.4,2.0
HUANUCO-HUANUCO-AMARILIS,HUANUCO-HUANUCO-AMARILIS,2021-03-01 00:00:00,100102,15,15,3.0,-72.2,346.0
HUANUCO-HUANUCO-CHINCHAO,HUANUCO-HUANUCO-CHINCHAO,2021-02-22 00:00:00,100103,3,6,0.0,-53.171428571428564,67.0
HUANUCO-HUANUCO-CHURUBAMBA,HUANUCO-HUANUCO-CHURUBAMBA,2021-02-22 00:00:00,100104,1,5,0.0,-53.171428571428564,69.0
HUANUCO-HUANUCO-HUANUCO,HUANUCO-HUANUCO-HUANUCO,2021-03-01 00:00:00,100101,18,18,1.0,-72.2,681.0
HUANUCO-HUANUCO-MARGOS,HUANUCO-HUANUCO-MARGOS,2021-02-15 00:00:00,100105,1,2,0.0,-56.77142857142858,0.0
HUANUCO-HUANUCO-PILLCO MARCA,HUANUCO-HUANUCO-PILLCO MARCA,2021-03-01 00:00:00,100111,2,18,0.0,-72.2,6.0
HUANUCO-HUANUCO-SAN FRANCISCO DE CAYRAN,HUANUCO-HUANUCO-SAN FRANCISCO DE CAYRAN,2021-02-01 00:00:00,100107,1,3,0.0,-62.08571428571429,0.0
HUANUCO-HUANUCO-SAN PABLO DE PILLAO,HUANUCO-HUANUCO-SAN PABLO DE PILLAO,2021-02-08 00:00:00,100113,2,2,0.0,-59.37142857142858,0.0
HUANUCO-HUANUCO-SAN PEDRO DE CHAULAN,HUANUCO-HUANUCO-SAN PEDRO DE CHAULAN,2020-12-28 00:00:00,100108,1,1,0.0,-24.64,0.0
HUANUCO-HUANUCO-SANTA MARIA DEL VALLE,HUANUCO-HUANUCO-SANTA MARIA DEL VALLE,2021-02-22 00:00:00,100109,4,5,1.0,-53.171428571428564,98.0
HUANUCO-HUANUCO-YACUS,HUANUCO-HUANUCO-YACUS,2021-02-22 00:00:00,100112,1,2,0.0,-53.171428571428564,25.0
HUANUCO-HUANUCO-YARUMAYO,HUANUCO-HUANUCO-YARUMAYO,2021-02-22 00:00:00,100110,1,4,0.0,-53.171428571428564,17.0
HUANUCO-LEONCIO PRADO-CASTILLO GRANDE,HUANUCO-LEONCIO PRADO-CASTILLO GRANDE,2021-02-22 00:00:00,100608,3,6,0.0,-31.485714285714288,55.0
HUANUCO-LEONCIO PRADO-DANIEL ALOMIA ROBLES,HUANUCO-LEONCIO PRADO-DANIEL ALOMIA ROBLES,2021-02-22 00:00:00,100602,2,3,0.0,-31.485714285714288,31.0
HUANUCO-LEONCIO PRADO-HERMILIO VALDIZAN,HUANUCO-LEONCIO PRADO-HERMILIO VALDIZAN,2021-02-22 00:00:00,100603,2,3,0.0,-31.485714285714288,22.0
HUANUCO-LEONCIO PRADO-JOSE CRESPO Y CASTILLO,HUANUCO-LEONCIO PRADO-JOSE CRESPO Y CASTILLO,2021-03-01 00:00:00,100604,1,9,0.0,-41.0,40.0
HUANUCO-LEONCIO PRADO-LUYANDO,HUANUCO-LEONCIO PRADO-LUYANDO,2021-02-22 00:00:00,100605,9,7,0.0,-31.485714285714288,232.0
HUANUCO-LEONCIO PRADO-MARIANO DAMASO BERAUN,HUANUCO-LEONCIO PRADO-MARIANO DAMASO BERAUN,2021-03-01 00:00:00,100606,1,2,0.0,-41.0,1.0
HUANUCO-LEONCIO PRADO-PUCAYACU,HUANUCO-LEONCIO PRADO-PUCAYACU,2021-02-08 00:00:00,100607,2,4,0.0,-41.857142857142854,0.0
HUANUCO-LEONCIO PRADO-PUEBLO NUEVO,HUANUCO-LEONCIO PRADO-PUEBLO NUEVO,2021-03-01 00:00:00,100609,1,1,0.0,-41.0,0.0
HUANUCO-LEONCIO PRADO-SANTO DOMINGO DE ANDA,HUANUCO-LEONCIO PRADO-SANTO DOMINGO DE ANDA,2021-03-01 00:00:00,100610,1,5,0.0,-41.0,0.0
ICA-CHINCHA-ALTO LARAN,ICA-CHINCHA-ALTO LARAN,2021-02-22 00:00:00,110202,2,3,0.0,-43.542857142857144,3.0
ICA-CHINCHA-CHAVIN,ICA-CHINCHA-CHAVIN,2021-02-15 00:00:00,110203,1,2,0.0,-46.82857142857142,4.0
ICA-CHINCHA-CHINCHA ALTA,ICA-CHINCHA-CHINCHA ALTA,2021-03-01 00:00:00,110201,13,47,6.0,-76.4,629.0
ICA-CHINCHA-CHINCHA BAJA,ICA-CHINCHA-CHINCHA BAJA,2021-03-01 00:00:00,110204,2,17,0.0,-76.4,0.0
ICA-CHINCHA-EL CARMEN,ICA-CHINCHA-EL CARMEN,2021-02-22 00:00:00,110205,4,4,0.0,-43.542857142857144,9.0
ICA-CHINCHA-GROCIO PRADO,ICA-CHINCHA-GROCIO PRADO,2021-03-01 00:00:00,110206,2,12,4.0,-76.4,0.0
ICA-CHINCHA-PUEBLO NUEVO,ICA-CHINCHA-PUEBLO NUEVO,2021-03-01 00:00:00,110207,3,30,2.0,-76.4,42.0
ICA-CHINCHA-SAN JUAN DE YANAC,ICA-CHINCHA-SAN JUAN DE YANAC,2020-11-16 00:00:00,110208,1,1,0.0,-31.828571428571422,0.0
ICA-CHINCHA-SAN PEDRO DE HUACARPANA,ICA-CHINCHA-SAN PEDRO DE HUACARPANA,2020-09-14 00:00:00,110209,1,1,0.0,-43.11428571428572,0.0
ICA-CHINCHA-SUNAMPE,ICA-CHINCHA-SUNAMPE,2021-02-22 00:00:00,110210,19,16,4.0,-43.542857142857144,15.0
ICA-CHINCHA-TAMBO DE MORA,ICA-CHINCHA-TAMBO DE MORA,2021-03-01 00:00:00,110211,1,9,1.0,-76.4,0.0
ICA-ICA-ICA,ICA-ICA-ICA,2021-03-01 00:00:00,110101,61,4,6.0,-79.4,951.0
ICA-ICA-LA TINGUIÑA,ICA-ICA-LA TINGUIÑA,2021-03-01 00:00:00,110102,3,6,0.0,-79.4,1.0
ICA-ICA-LOS AQUIJES,ICA-ICA-LOS AQUIJES,2021-03-01 00:00:00,110103,7,21,0.0,-79.4,0.0
ICA-ICA-OCUCAJE,ICA-ICA-OCUCAJE,2021-03-01 00:00:00,110104,5,8,0.0,-79.4,2.0
ICA-ICA-PACHACUTEC,ICA-ICA-PACHACUTEC,2021-03-01 00:00:00,110105,1,14,0.0,-79.4,0.0
ICA-ICA-PARCONA,ICA-ICA-PARCONA,2021-03-01 00:00:00,110106,10,31,1.0,-79.4,5.0
ICA-ICA-PUEBLO NUEVO,ICA-ICA-PUEBLO NUEVO,2021-02-22 00:00:00,110107,7,7,0.0,-53.771428571428565,1.0
ICA-ICA-SALAS,ICA-ICA-SALAS,2021-03-01 00:00:00,110108,1,15,1.0,-79.4,6.0
ICA-ICA-SAN JOSE DE LOS MOLINOS,ICA-ICA-SAN JOSE DE LOS MOLINOS,2021-02-22 00:00:00,110109,5,6,0.0,-53.771428571428565,0.0
ICA-ICA-SAN JUAN BAUTISTA,ICA-ICA-SAN JUAN BAUTISTA,2021-02-22 00:00:00,110110,6,7,0.0,-53.771428571428565,1.0
ICA-ICA-SANTIAGO,ICA-ICA-SANTIAGO,2021-03-01 00:00:00,110111,2,15,1.0,-79.4,0.0
ICA-ICA-SUBTANJALLA,ICA-ICA-SUBTANJALLA,2021-03-01 00:00:00,110112,6,15,1.0,-79.4,0.0
ICA-ICA-TATE,ICA-ICA-TATE,2021-03-01 00:00:00,110113,1,14,0.0,-79.4,0.0
ICA-ICA-YAUCA DEL ROSARIO,ICA-ICA-YAUCA DEL ROSARIO,2021-02-01 00:00:00,110114,3,4,0.0,-59.914285714285725,0.0
ICA-PALPA-LLIPATA,ICA-PALPA-LLIPATA,2021-02-15 00:00:00,110402,1,1,0.0,-6.3,14.0
ICA-PALPA-PALPA,ICA-PALPA-PALPA,2021-03-01 00:00:00,110401,8,12,1.0,-14.0,86.0
ICA-PALPA-RIO GRANDE,ICA-PALPA-RIO GRANDE,2021-03-01 00:00:00,110403,2,10,0.0,-14.0,0.0
ICA-PALPA-SANTA CRUZ,ICA-PALPA-SANTA CRUZ,2021-03-01 00:00:00,110404,1,5,0.0,-14.0,0.0
ICA-PALPA-TIBILLO,ICA-PALPA-TIBILLO,2021-02-08 00:00:00,110405,1,2,0.0,-7.733333333333332,0.0
ICA-PISCO-HUANCANO,ICA-PISCO-HUANCANO,2021-02-15 00:00:00,110502,1,6,0.0,-53.28571428571429,0.0
ICA-PISCO-HUMAY,ICA-PISCO-HUMAY,2021-02-22 00:00:00,110503,2,2,1.0,-52.71428571428572,21.0
ICA-PISCO-INDEPENDENCIA,ICA-PISCO-INDEPENDENCIA,2021-02-22 00:00:00,110504,1,1,0.0,-52.71428571428572,38.0
ICA-PISCO-PARACAS,ICA-PISCO-PARACAS,2021-02-22 00:00:00,110505,15,10,1.0,-52.71428571428572,2.0
ICA-PISCO-PISCO,ICA-PISCO-PISCO,2021-03-01 00:00:00,110501,35,50,3.0,-78.8,220.0
ICA-PISCO-SAN ANDRES,ICA-PISCO-SAN ANDRES,2021-03-01 00:00:00,110506,1,10,1.0,-78.8,0.0
ICA-PISCO-SAN CLEMENTE,ICA-PISCO-SAN CLEMENTE,2021-03-01 00:00:00,110507,3,12,0.0,-78.8,0.0
ICA-PISCO-TUPAC AMARU INCA,ICA-PISCO-TUPAC AMARU INCA,2021-03-01 00:00:00,110508,1,5,3.0,-78.8,0.0
JUNIN-CHANCHAMAYO-CHANCHAMAYO,JUNIN-CHANCHAMAYO-CHANCHAMAYO,2021-03-01 00:00:00,120301,21,20,3.0,-56.6,433.0
JUNIN-CHANCHAMAYO-PERENE,JUNIN-CHANCHAMAYO-PERENE,2021-03-01 00:00:00,120302,24,29,2.0,-56.6,101.0
JUNIN-CHANCHAMAYO-PICHANAQUI,JUNIN-CHANCHAMAYO-PICHANAQUI,2021-03-01 00:00:00,120303,16,29,1.0,-56.6,0.0
JUNIN-CHANCHAMAYO-SAN LUIS DE SHUARO,JUNIN-CHANCHAMAYO-SAN LUIS DE SHUARO,2021-02-22 00:00:00,120304,11,6,2.0,-33.82857142857143,0.0
JUNIN-CHANCHAMAYO-SAN RAMON,JUNIN-CHANCHAMAYO-SAN RAMON,2021-03-01 00:00:00,120305,15,27,3.0,-56.6,98.0
JUNIN-CHANCHAMAYO-VITOC,JUNIN-CHANCHAMAYO-VITOC,2021-02-15 00:00:00,120306,7,6,0.0,-35.171428571428564,7.0
JUNIN-CHUPACA-AHUAC,JUNIN-CHUPACA-AHUAC,2021-03-01 00:00:00,120902,3,7,0.0,-22.6,3.0
JUNIN-CHUPACA-CHONGOS BAJO,JUNIN-CHUPACA-CHONGOS BAJO,2021-03-01 00:00:00,120903,3,5,0.0,-22.6,2.0
JUNIN-CHUPACA-CHUPACA,JUNIN-CHUPACA-CHUPACA,2021-03-01 00:00:00,120901,17,0,0.0,-22.6,149.0
JUNIN-CHUPACA-HUACHAC,JUNIN-CHUPACA-HUACHAC,2021-02-22 00:00:00,120904,2,3,0.0,-15.114285714285714,1.0
JUNIN-CHUPACA-HUAMANCACA CHICO,JUNIN-CHUPACA-HUAMANCACA CHICO,2021-03-01 00:00:00,120905,1,19,0.0,-22.6,2.0
JUNIN-CHUPACA-SAN JUAN DE ISCOS,JUNIN-CHUPACA-SAN JUAN DE ISCOS,2021-02-08 00:00:00,120906,1,1,0.0,-17.914285714285715,0.0
JUNIN-CHUPACA-SAN JUAN DE JARPA,JUNIN-CHUPACA-SAN JUAN DE JARPA,2021-03-01 00:00:00,120907,1,4,0.0,-22.6,0.0
JUNIN-CHUPACA-TRES DE DICIEMBRE,JUNIN-CHUPACA-TRES DE DICIEMBRE,2021-03-01 00:00:00,120908,2,4,0.0,-22.6,0.0
JUNIN-CHUPACA-YANACANCHA,JUNIN-CHUPACA-YANACANCHA,2021-02-22 00:00:00,120909,2,5,1.0,-15.114285714285714,0.0
JUNIN-HUANCAYO-CARHUACALLANGA,JUNIN-HUANCAYO-CARHUACALLANGA,2021-02-22 00:00:00,120104,1,1,0.0,-50.971428571428575,0.0
JUNIN-HUANCAYO-CHACAPAMPA,JUNIN-HUANCAYO-CHACAPAMPA,2021-02-01 00:00:00,120105,1,2,0.0,-61.05714285714286,0.0
JUNIN-HUANCAYO-CHICCHE,JUNIN-HUANCAYO-CHICCHE,2021-03-01 00:00:00,120106,2,3,0.0,-81.6,0.0
JUNIN-HUANCAYO-CHILCA,JUNIN-HUANCAYO-CHILCA,2021-03-01 00:00:00,120107,23,18,3.0,-81.6,101.0
JUNIN-HUANCAYO-CHONGOS ALTO,JUNIN-HUANCAYO-CHONGOS ALTO,2021-03-01 00:00:00,120108,1,2,0.0,-81.6,0.0
JUNIN-HUANCAYO-CHUPURO,JUNIN-HUANCAYO-CHUPURO,2021-02-08 00:00:00,120111,1,3,0.0,-57.48571428571428,0.0
JUNIN-HUANCAYO-COLCA,JUNIN-HUANCAYO-COLCA,2021-02-08 00:00:00,120112,1,2,0.0,-57.48571428571428,0.0
JUNIN-HUANCAYO-CULLHUAS,JUNIN-HUANCAYO-CULLHUAS,2020-10-19 00:00:00,120113,5,4,0.0,-36.74285714285715,0.0
JUNIN-HUANCAYO-EL TAMBO,JUNIN-HUANCAYO-EL TAMBO,2021-03-01 00:00:00,120114,69,78,2.0,-81.6,186.0
JUNIN-HUANCAYO-HUACRAPUQUIO,JUNIN-HUANCAYO-HUACRAPUQUIO,2021-02-22 00:00:00,120116,1,3,0.0,-50.971428571428575,1.0
JUNIN-HUANCAYO-HUALHUAS,JUNIN-HUANCAYO-HUALHUAS,2021-02-22 00:00:00,120117,7,6,0.0,-50.971428571428575,3.0
JUNIN-HUANCAYO-HUANCAN,JUNIN-HUANCAYO-HUANCAN,2021-02-22 00:00:00,120119,4,4,0.0,-50.971428571428575,10.0
JUNIN-HUANCAYO-HUANCAYO,JUNIN-HUANCAYO-HUANCAYO,2021-03-01 00:00:00,120101,104,104,8.0,-81.6,1861.0
JUNIN-HUANCAYO-HUASICANCHA,JUNIN-HUANCAYO-HUASICANCHA,2021-02-01 00:00:00,120120,1,1,0.0,-61.05714285714286,0.0
JUNIN-HUANCAYO-HUAYUCACHI,JUNIN-HUANCAYO-HUAYUCACHI,2021-03-01 00:00:00,120121,2,6,0.0,-81.6,0.0
JUNIN-HUANCAYO-INGENIO,JUNIN-HUANCAYO-INGENIO,2021-03-01 00:00:00,120122,1,3,0.0,-81.6,0.0
JUNIN-HUANCAYO-PARIAHUANCA,JUNIN-HUANCAYO-PARIAHUANCA,2021-02-22 00:00:00,120124,2,2,0.0,-50.971428571428575,0.0
JUNIN-HUANCAYO-PILCOMAYO,JUNIN-HUANCAYO-PILCOMAYO,2021-03-01 00:00:00,120125,13,17,1.0,-81.6,0.0
JUNIN-HUANCAYO-PUCARA,JUNIN-HUANCAYO-PUCARA,2021-03-01 00:00:00,120126,2,5,0.0,-81.6,0.0
JUNIN-HUANCAYO-QUICHUAY,JUNIN-HUANCAYO-QUICHUAY,2021-01-25 00:00:00,120127,1,1,0.0,-37.31428571428571,0.0
JUNIN-HUANCAYO-QUILCAS,JUNIN-HUANCAYO-QUILCAS,2021-03-01 00:00:00,120128,1,4,0.0,-81.6,0.0
JUNIN-HUANCAYO-SAN AGUSTIN,JUNIN-HUANCAYO-SAN AGUSTIN,2021-03-01 00:00:00,120129,1,2,0.0,-81.6,0.0
JUNIN-HUANCAYO-SAN JERONIMO DE TUNAN,JUNIN-HUANCAYO-SAN JERONIMO DE TUNAN,2021-03-01 00:00:00,120130,3,7,0.0,-81.6,0.0
JUNIN-HUANCAYO-SANTO DOMINGO DE ACOBAMBA,JUNIN-HUANCAYO-SANTO DOMINGO DE ACOBAMBA,2021-02-22 00:00:00,120135,1,1,0.0,-50.971428571428575,3.0
JUNIN-HUANCAYO-SAPALLANGA,JUNIN-HUANCAYO-SAPALLANGA,2021-03-01 00:00:00,120133,4,12,1.0,-81.6,0.0
JUNIN-HUANCAYO-SAÑO,JUNIN-HUANCAYO-SAÑO,2021-02-15 00:00:00,120132,1,1,0.0,-53.828571428571436,7.0
JUNIN-HUANCAYO-SICAYA,JUNIN-HUANCAYO-SICAYA,2021-03-01 00:00:00,120134,2,8,0.0,-81.6,0.0
JUNIN-HUANCAYO-VIQUES,JUNIN-HUANCAYO-VIQUES,2021-02-22 00:00:00,120136,2,3,0.0,-50.971428571428575,3.0
JUNIN-JAUJA-ACOLLA,JUNIN-JAUJA-ACOLLA,2021-03-01 00:00:00,120402,3,6,0.0,-44.8,1.0
JUNIN-JAUJA-APATA,JUNIN-JAUJA-APATA,2021-03-01 00:00:00,120403,1,5,0.0,-44.8,0.0
JUNIN-JAUJA-ATAURA,JUNIN-JAUJA-ATAURA,2021-02-22 00:00:00,120404,3,2,0.0,-29.857142857142854,0.0
JUNIN-JAUJA-CANCHAYLLO,JUNIN-JAUJA-CANCHAYLLO,2021-02-08 00:00:00,120405,5,5,0.0,-34.971428571428575,0.0
JUNIN-JAUJA-CURICACA,JUNIN-JAUJA-CURICACA,2021-03-01 00:00:00,120406,1,2,0.0,-44.8,0.0
JUNIN-JAUJA-EL MANTARO,JUNIN-JAUJA-EL MANTARO,2021-02-22 00:00:00,120407,2,2,0.0,-29.857142857142854,2.0
JUNIN-JAUJA-HUAMALI,JUNIN-JAUJA-HUAMALI,2021-02-08 00:00:00,120408,1,2,0.0,-34.971428571428575,0.0
JUNIN-JAUJA-HUARIPAMPA,JUNIN-JAUJA-HUARIPAMPA,2021-02-15 00:00:00,120409,1,1,0.0,-31.08571428571429,4.0
JUNIN-JAUJA-HUERTAS,JUNIN-JAUJA-HUERTAS,2021-02-22 00:00:00,120410,2,2,0.0,-29.857142857142854,0.0
JUNIN-JAUJA-JANJAILLO,JUNIN-JAUJA-JANJAILLO,2021-02-22 00:00:00,120411,1,1,0.0,-29.857142857142854,0.0
JUNIN-JAUJA-JAUJA,JUNIN-JAUJA-JAUJA,2021-03-01 00:00:00,120401,7,20,2.0,-44.8,268.0
JUNIN-JAUJA-JULCAN,JUNIN-JAUJA-JULCAN,2021-01-18 00:00:00,120412,1,1,0.0,-26.285714285714285,0.0
JUNIN-JAUJA-LEONOR ORDOÑEZ,,,,,,,,
JUNIN-JAUJA-LLOCLLAPAMPA,JUNIN-JAUJA-LLOCLLAPAMPA,2021-02-22 00:00:00,120414,12,2,0.0,-29.857142857142854,0.0
JUNIN-JAUJA-MARCO,JUNIN-JAUJA-MARCO,2021-02-22 00:00:00,120415,1,1,0.0,-29.857142857142854,0.0
JUNIN-JAUJA-MASMA,JUNIN-JAUJA-MASMA,2021-03-01 00:00:00,120416,1,3,0.0,-44.8,0.0
JUNIN-JAUJA-MASMA CHICCHE,JUNIN-JAUJA-MASMA CHICCHE,2021-02-22 00:00:00,120417,1,1,0.0,-29.857142857142854,0.0
JUNIN-JAUJA-MOLINOS,JUNIN-JAUJA-MOLINOS,2021-02-22 00:00:00,120418,2,2,0.0,-29.857142857142854,0.0
JUNIN-JAUJA-MONOBAMBA,JUNIN-JAUJA-MONOBAMBA,2021-02-22 00:00:00,120419,5,6,0.0,-29.857142857142854,0.0
JUNIN-JAUJA-MUQUI,JUNIN-JAUJA-MUQUI,2021-02-22 00:00:00,120420,2,1,0.0,-29.857142857142854,0.0
JUNIN-JAUJA-MUQUIYAUYO,JUNIN-JAUJA-MUQUIYAUYO,2021-02-22 00:00:00,120421,3,3,0.0,-29.857142857142854,0.0
JUNIN-JAUJA-PACA,JUNIN-JAUJA-PACA,2021-02-15 00:00:00,120422,2,2,0.0,-31.08571428571429,4.0
JUNIN-JAUJA-PACCHA,JUNIN-JAUJA-PACCHA,2021-03-01 00:00:00,120423,1,2,0.0,-44.8,0.0
JUNIN-JAUJA-PANCAN,JUNIN-JAUJA-PANCAN,2021-03-01 00:00:00,120424,1,5,0.0,-44.8,0.0
JUNIN-JAUJA-PARCO,JUNIN-JAUJA-PARCO,2021-03-01 00:00:00,120425,1,2,0.0,-44.8,0.0
JUNIN-JAUJA-POMACANCHA,JUNIN-JAUJA-POMACANCHA,2021-02-08 00:00:00,120426,1,18,0.0,-34.971428571428575,0.0
JUNIN-JAUJA-RICRAN,JUNIN-JAUJA-RICRAN,2021-02-22 00:00:00,120427,3,3,0.0,-29.857142857142854,3.0
JUNIN-JAUJA-SAN LORENZO,JUNIN-JAUJA-SAN LORENZO,2021-03-01 00:00:00,120428,1,6,0.0,-44.8,0.0
JUNIN-JAUJA-SAN PEDRO DE CHUNAN,JUNIN-JAUJA-SAN PEDRO DE CHUNAN,2021-02-08 00:00:00,120429,3,3,0.0,-34.971428571428575,0.0
JUNIN-JAUJA-SAUSA,JUNIN-JAUJA-SAUSA,2021-03-01 00:00:00,120430,1,4,0.0,-44.8,0.0
JUNIN-JAUJA-SINCOS,JUNIN-JAUJA-SINCOS,2021-03-01 00:00:00,120431,2,6,0.0,-44.8,0.0
JUNIN-JAUJA-TUNAN MARCA,JUNIN-JAUJA-TUNAN MARCA,2021-02-08 00:00:00,120432,1,1,0.0,-34.971428571428575,0.0
JUNIN-JAUJA-YAULI,JUNIN-JAUJA-YAULI,2021-03-01 00:00:00,120433,3,5,0.0,-44.8,0.0
JUNIN-JAUJA-YAUYOS,JUNIN-JAUJA-YAUYOS,2021-03-01 00:00:00,120434,4,15,1.0,-44.8,0.0
JUNIN-SATIPO-COVIRIALI,JUNIN-SATIPO-COVIRIALI,2021-02-22 00:00:00,120602,11,8,0.0,-22.228571428571428,5.0
JUNIN-SATIPO-LLAYLLA,JUNIN-SATIPO-LLAYLLA,2021-02-01 00:00:00,120603,2,3,0.0,-29.057142857142857,0.0
JUNIN-SATIPO-MAZAMARI,JUNIN-SATIPO-MAZAMARI,2021-03-01 00:00:00,120604,2,2,1.0,-32.6,79.0
JUNIN-SATIPO-PAMPA HERMOSA,JUNIN-SATIPO-PAMPA HERMOSA,2021-03-01 00:00:00,120605,1,5,0.0,-32.6,0.0
JUNIN-SATIPO-PANGOA,JUNIN-SATIPO-PANGOA,2021-03-01 00:00:00,120606,22,47,0.0,-32.6,175.0
JUNIN-SATIPO-RIO NEGRO,JUNIN-SATIPO-RIO NEGRO,2021-03-01 00:00:00,120607,5,17,0.0,-32.6,0.0
JUNIN-SATIPO-RIO TAMBO,JUNIN-SATIPO-RIO TAMBO,2021-03-01 00:00:00,120608,2,11,0.0,-32.6,2.0
JUNIN-SATIPO-SATIPO,JUNIN-SATIPO-SATIPO,2021-03-01 00:00:00,120601,7,26,2.0,-32.6,156.0
JUNIN-SATIPO-VIZCATAN DEL ENE,JUNIN-SATIPO-VIZCATAN DEL ENE,2021-02-15 00:00:00,120609,1,2,0.0,-22.799999999999997,0.0
JUNIN-TARMA-ACOBAMBA,JUNIN-TARMA-ACOBAMBA,2021-03-01 00:00:00,120702,2,7,1.0,-64.6,51.0
JUNIN-TARMA-HUARICOLCA,JUNIN-TARMA-HUARICOLCA,2021-02-08 00:00:00,120703,1,1,0.0,-42.31428571428571,0.0
JUNIN-TARMA-HUASAHUASI,JUNIN-TARMA-HUASAHUASI,2021-03-01 00:00:00,120704,3,6,0.0,-64.6,28.0
JUNIN-TARMA-LA UNION,JUNIN-TARMA-LA UNION,2021-03-01 00:00:00,120705,2,5,0.0,-64.6,0.0
JUNIN-TARMA-PALCA,JUNIN-TARMA-PALCA,2021-03-01 00:00:00,120706,6,7,0.0,-64.6,0.0
JUNIN-TARMA-PALCAMAYO,JUNIN-TARMA-PALCAMAYO,2021-03-01 00:00:00,120707,2,2,0.0,-64.6,0.0
JUNIN-TARMA-SAN PEDRO DE CAJAS,JUNIN-TARMA-SAN PEDRO DE CAJAS,2021-03-01 00:00:00,120708,1,3,0.0,-64.6,0.0
JUNIN-TARMA-TAPO,JUNIN-TARMA-TAPO,2021-02-08 00:00:00,120709,2,1,0.0,-42.31428571428571,0.0
JUNIN-TARMA-TARMA,JUNIN-TARMA-TARMA,2021-03-01 00:00:00,120701,34,46,2.0,-64.6,368.0
JUNIN-YAULI-CHACAPALPA,JUNIN-YAULI-CHACAPALPA,2021-02-22 00:00:00,120802,2,1,1.0,-36.37142857142857,0.0
JUNIN-YAULI-LA OROYA,JUNIN-YAULI-LA OROYA,2021-03-01 00:00:00,120801,4,26,0.0,-44.0,63.0
JUNIN-YAULI-MARCAPOMACOCHA,JUNIN-YAULI-MARCAPOMACOCHA,2021-02-01 00:00:00,120804,6,14,0.0,-39.91428571428572,0.0
JUNIN-YAULI-MOROCOCHA,JUNIN-YAULI-MOROCOCHA,2021-02-22 00:00:00,120805,1,3,0.0,-36.37142857142857,0.0
JUNIN-YAULI-PACCHA,JUNIN-YAULI-PACCHA,2021-02-08 00:00:00,120806,1,1,0.0,-39.199999999999996,0.0
JUNIN-YAULI-SANTA BARBARA DE CARHUACAYAN,JUNIN-YAULI-SANTA BARBARA DE CARHUACAYAN,2021-02-08 00:00:00,120807,5,1,0.0,-39.199999999999996,0.0
JUNIN-YAULI-SANTA ROSA DE SACCO,JUNIN-YAULI-SANTA ROSA DE SACCO,2021-03-01 00:00:00,120808,5,10,0.0,-44.0,0.0
JUNIN-YAULI-SUITUCANCHA,,,,,,,,
JUNIN-YAULI-YAULI,JUNIN-YAULI-YAULI,2021-02-15 00:00:00,120810,3,1,1.0,-38.828571428571436,6.0
LA LIBERTAD-ASCOPE-ASCOPE,LA LIBERTAD-ASCOPE-ASCOPE,2021-02-22 00:00:00,130201,11,9,1.0,-37.114285714285714,232.0
LA LIBERTAD-ASCOPE-CASA GRANDE,LA LIBERTAD-ASCOPE-CASA GRANDE,2021-02-22 00:00:00,130208,12,18,0.0,-37.114285714285714,0.0
LA LIBERTAD-ASCOPE-CHICAMA,LA LIBERTAD-ASCOPE-CHICAMA,2021-03-01 00:00:00,130202,1,6,0.0,-49.4,0.0
LA LIBERTAD-ASCOPE-CHOCOPE,LA LIBERTAD-ASCOPE-CHOCOPE,2021-02-22 00:00:00,130203,35,29,1.0,-37.114285714285714,0.0
LA LIBERTAD-ASCOPE-MAGDALENA DE CAO,LA LIBERTAD-ASCOPE-MAGDALENA DE CAO,2021-02-22 00:00:00,130204,2,4,0.0,-37.114285714285714,0.0
LA LIBERTAD-ASCOPE-PAIJAN,LA LIBERTAD-ASCOPE-PAIJAN,2021-03-01 00:00:00,130205,8,8,0.0,-49.4,0.0
LA LIBERTAD-ASCOPE-RAZURI,LA LIBERTAD-ASCOPE-RAZURI,2021-02-22 00:00:00,130206,2,3,0.0,-37.114285714285714,0.0
LA LIBERTAD-ASCOPE-SANTIAGO DE CAO,LA LIBERTAD-ASCOPE-SANTIAGO DE CAO,2021-03-01 00:00:00,130207,7,12,0.0,-49.4,0.0
LA LIBERTAD-PACASMAYO-GUADALUPE,LA LIBERTAD-PACASMAYO-GUADALUPE,2021-03-01 00:00:00,130702,17,19,0.0,-41.6,1.0
LA LIBERTAD-PACASMAYO-JEQUETEPEQUE,LA LIBERTAD-PACASMAYO-JEQUETEPEQUE,2021-02-22 00:00:00,130703,4,2,0.0,-33.74285714285715,0.0
LA LIBERTAD-PACASMAYO-PACASMAYO,LA LIBERTAD-PACASMAYO-PACASMAYO,2021-02-22 00:00:00,130704,15,15,0.0,-33.74285714285715,0.0
LA LIBERTAD-PACASMAYO-SAN JOSE,LA LIBERTAD-PACASMAYO-SAN JOSE,2021-03-01 00:00:00,130705,1,4,0.0,-41.6,0.0
LA LIBERTAD-PACASMAYO-SAN PEDRO DE LLOC,LA LIBERTAD-PACASMAYO-SAN PEDRO DE LLOC,2021-02-22 00:00:00,130701,17,14,0.0,-33.74285714285715,0.0
LA LIBERTAD-PATAZ-BULDIBUYO,LA LIBERTAD-PATAZ-BULDIBUYO,2021-02-22 00:00:00,130802,2,2,0.0,-12.285714285714285,3.0
LA LIBERTAD-PATAZ-CHILLIA,LA LIBERTAD-PATAZ-CHILLIA,2021-02-15 00:00:00,130803,1,2,0.0,-12.0,38.0
LA LIBERTAD-PATAZ-HUANCASPATA,LA LIBERTAD-PATAZ-HUANCASPATA,2021-02-15 00:00:00,130804,1,5,0.0,-12.0,22.0
LA LIBERTAD-PATAZ-HUAYLILLAS,LA LIBERTAD-PATAZ-HUAYLILLAS,2021-02-22 00:00:00,130805,1,2,0.0,-12.285714285714285,0.0
LA LIBERTAD-PATAZ-HUAYO,LA LIBERTAD-PATAZ-HUAYO,2021-01-04 00:00:00,130806,1,1,0.0,-7.857142857142857,0.0
LA LIBERTAD-PATAZ-ONGON,,,,,,,,
LA LIBERTAD-PATAZ-PARCOY,LA LIBERTAD-PATAZ-PARCOY,2021-02-22 00:00:00,130808,1,6,0.0,-12.285714285714285,1.0
LA LIBERTAD-PATAZ-PATAZ,LA LIBERTAD-PATAZ-PATAZ,2021-03-01 00:00:00,130809,1,2,0.0,-14.4,22.0
LA LIBERTAD-PATAZ-PIAS,LA LIBERTAD-PATAZ-PIAS,2021-02-01 00:00:00,130810,1,1,0.0,-9.514285714285714,0.0
LA LIBERTAD-PATAZ-SANTIAGO DE CHALLAS,LA LIBERTAD-PATAZ-SANTIAGO DE CHALLAS,2021-02-15 00:00:00,130811,4,4,0.0,-12.0,0.0
LA LIBERTAD-PATAZ-TAURIJA,LA LIBERTAD-PATAZ-TAURIJA,2020-09-28 00:00:00,130812,2,3,0.0,-15.457142857142856,0.0
LA LIBERTAD-PATAZ-TAYABAMBA,LA LIBERTAD-PATAZ-TAYABAMBA,2021-02-15 00:00:00,130801,1,6,0.0,-12.0,78.0
LA LIBERTAD-PATAZ-URPAY,LA LIBERTAD-PATAZ-URPAY,2020-09-21 00:00:00,130813,1,2,0.0,-10.942857142857143,0.0
LA LIBERTAD-TRUJILLO-EL PORVENIR,LA LIBERTAD-TRUJILLO-EL PORVENIR,2021-03-01 00:00:00,130102,17,14,1.0,-44.4,182.0
LA LIBERTAD-TRUJILLO-FLORENCIA DE MORA,LA LIBERTAD-TRUJILLO-FLORENCIA DE MORA,2021-03-01 00:00:00,130103,6,0,0.0,-44.4,65.0
LA LIBERTAD-TRUJILLO-HUANCHACO,LA LIBERTAD-TRUJILLO-HUANCHACO,2021-03-01 00:00:00,130104,10,19,0.0,-44.4,51.0
LA LIBERTAD-TRUJILLO-LA ESPERANZA,LA LIBERTAD-TRUJILLO-LA ESPERANZA,2021-03-01 00:00:00,130105,13,6,2.0,-44.4,288.0
LA LIBERTAD-TRUJILLO-LAREDO,LA LIBERTAD-TRUJILLO-LAREDO,2021-03-01 00:00:00,130106,3,10,0.0,-44.4,96.0
LA LIBERTAD-TRUJILLO-MOCHE,LA LIBERTAD-TRUJILLO-MOCHE,2021-03-01 00:00:00,130107,5,15,0.0,-44.4,477.0
LA LIBERTAD-TRUJILLO-POROTO,LA LIBERTAD-TRUJILLO-POROTO,2021-02-22 00:00:00,130108,2,4,0.0,-32.171428571428564,0.0
LA LIBERTAD-TRUJILLO-SALAVERRY,LA LIBERTAD-TRUJILLO-SALAVERRY,2021-03-01 00:00:00,130109,6,7,1.0,-44.4,44.0
LA LIBERTAD-TRUJILLO-SIMBAL,LA LIBERTAD-TRUJILLO-SIMBAL,2021-02-01 00:00:00,130110,1,2,0.0,-33.05714285714286,0.0
LA LIBERTAD-TRUJILLO-TRUJILLO,LA LIBERTAD-TRUJILLO-TRUJILLO,2021-03-01 00:00:00,130101,136,39,6.0,-44.4,2221.0
LA LIBERTAD-TRUJILLO-VICTOR LARCO HERRERA,LA LIBERTAD-TRUJILLO-VICTOR LARCO HERRERA,2021-03-01 00:00:00,130111,10,45,0.0,-44.4,105.0
LAMBAYEQUE-CHICLAYO-CAYALTI,LAMBAYEQUE-CHICLAYO-CAYALTI,2021-03-01 00:00:00,140116,4,7,0.0,-47.2,0.0
LAMBAYEQUE-CHICLAYO-CHICLAYO,LAMBAYEQUE-CHICLAYO-CHICLAYO,2021-03-01 00:00:00,140101,74,134,6.0,-47.2,639.0
LAMBAYEQUE-CHICLAYO-CHONGOYAPE,LAMBAYEQUE-CHICLAYO-CHONGOYAPE,2021-02-22 00:00:00,140102,3,4,0.0,-35.62857142857142,0.0
LAMBAYEQUE-CHICLAYO-ETEN,LAMBAYEQUE-CHICLAYO-ETEN,2021-02-22 00:00:00,140103,4,7,0.0,-35.62857142857142,0.0
LAMBAYEQUE-CHICLAYO-ETEN PUERTO,LAMBAYEQUE-CHICLAYO-ETEN PUERTO,2021-02-22 00:00:00,140104,1,2,0.0,-35.62857142857142,0.0
LAMBAYEQUE-CHICLAYO-JOSE LEONARDO ORTIZ,LAMBAYEQUE-CHICLAYO-JOSE LEONARDO ORTIZ,2021-03-01 00:00:00,140105,14,56,2.0,-47.2,0.0
LAMBAYEQUE-CHICLAYO-LA VICTORIA,LAMBAYEQUE-CHICLAYO-LA VICTORIA,2021-03-01 00:00:00,140106,17,36,0.0,-47.2,0.0
LAMBAYEQUE-CHICLAYO-LAGUNAS,LAMBAYEQUE-CHICLAYO-LAGUNAS,2021-03-01 00:00:00,140107,3,6,1.0,-47.2,0.0
LAMBAYEQUE-CHICLAYO-MONSEFU,LAMBAYEQUE-CHICLAYO-MONSEFU,2021-03-01 00:00:00,140108,4,27,0.0,-47.2,0.0
LAMBAYEQUE-CHICLAYO-NUEVA ARICA,LAMBAYEQUE-CHICLAYO-NUEVA ARICA,2021-02-15 00:00:00,140109,1,2,0.0,-37.25714285714286,0.0
LAMBAYEQUE-CHICLAYO-OYOTUN,LAMBAYEQUE-CHICLAYO-OYOTUN,2021-03-01 00:00:00,140110,1,4,0.0,-47.2,0.0
LAMBAYEQUE-CHICLAYO-PATAPO,LAMBAYEQUE-CHICLAYO-PATAPO,2021-03-01 00:00:00,140117,7,11,0.0,-47.2,0.0
LAMBAYEQUE-CHICLAYO-PICSI,LAMBAYEQUE-CHICLAYO-PICSI,2021-03-01 00:00:00,140111,4,8,0.0,-47.2,0.0
LAMBAYEQUE-CHICLAYO-PIMENTEL,LAMBAYEQUE-CHICLAYO-PIMENTEL,2021-03-01 00:00:00,140112,1,16,0.0,-47.2,0.0
LAMBAYEQUE-CHICLAYO-POMALCA,LAMBAYEQUE-CHICLAYO-POMALCA,2021-02-22 00:00:00,140118,3,7,0.0,-35.62857142857142,3.0
LAMBAYEQUE-CHICLAYO-PUCALA,LAMBAYEQUE-CHICLAYO-PUCALA,2021-02-22 00:00:00,140119,1,2,0.0,-35.62857142857142,0.0
LAMBAYEQUE-CHICLAYO-REQUE,LAMBAYEQUE-CHICLAYO-REQUE,2021-03-01 00:00:00,140113,9,10,0.0,-47.2,0.0
LAMBAYEQUE-CHICLAYO-SANTA ROSA,LAMBAYEQUE-CHICLAYO-SANTA ROSA,2021-03-01 00:00:00,140114,8,11,0.0,-47.2,0.0
LAMBAYEQUE-CHICLAYO-SAÑA,LAMBAYEQUE-CHICLAYO-SAÑA,2021-02-22 00:00:00,140115,26,11,0.0,-35.62857142857142,3.0
LAMBAYEQUE-CHICLAYO-TUMAN,LAMBAYEQUE-CHICLAYO-TUMAN,2021-03-01 00:00:00,140120,1,12,0.0,-47.2,0.0
LAMBAYEQUE-FERREÑAFE-CAÑARIS,LAMBAYEQUE-FERREÑAFE-CAÑARIS,2021-02-15 00:00:00,140202,3,3,0.0,-2.3999999999999995,0.0
LAMBAYEQUE-FERREÑAFE-FERREÑAFE,LAMBAYEQUE-FERREÑAFE-FERREÑAFE,2021-03-01 00:00:00,140201,9,11,0.0,-3.6,50.0
LAMBAYEQUE-FERREÑAFE-INCAHUASI,LAMBAYEQUE-FERREÑAFE-INCAHUASI,2021-02-15 00:00:00,140203,2,0,0.0,-2.3999999999999995,0.0
LAMBAYEQUE-FERREÑAFE-MANUEL ANTONIO MESONES MURO,LAMBAYEQUE-FERREÑAFE-MANUEL ANTONIO MESONES MURO,2020-11-23 00:00:00,140204,1,2,1.0,-8.085714285714285,0.0
LAMBAYEQUE-FERREÑAFE-PITIPO,LAMBAYEQUE-FERREÑAFE-PITIPO,2021-03-01 00:00:00,140205,1,1,0.0,-3.6,0.0
LAMBAYEQUE-FERREÑAFE-PUEBLO NUEVO,LAMBAYEQUE-FERREÑAFE-PUEBLO NUEVO,2021-03-01 00:00:00,140206,2,4,0.0,-3.6,0.0
LAMBAYEQUE-LAMBAYEQUE-CHOCHOPE,LAMBAYEQUE-LAMBAYEQUE-CHOCHOPE,2021-03-01 00:00:00,140302,1,4,0.0,-49.4,0.0
LAMBAYEQUE-LAMBAYEQUE-ILLIMO,LAMBAYEQUE-LAMBAYEQUE-ILLIMO,2021-03-01 00:00:00,140303,2,8,0.0,-49.4,0.0
LAMBAYEQUE-LAMBAYEQUE-JAYANCA,LAMBAYEQUE-LAMBAYEQUE-JAYANCA,2021-02-22 00:00:00,140304,5,6,1.0,-31.97142857142857,0.0
LAMBAYEQUE-LAMBAYEQUE-LAMBAYEQUE,LAMBAYEQUE-LAMBAYEQUE-LAMBAYEQUE,2021-03-01 00:00:00,140301,3,32,1.0,-49.4,190.0
LAMBAYEQUE-LAMBAYEQUE-MOCHUMI,LAMBAYEQUE-LAMBAYEQUE-MOCHUMI,2021-03-01 00:00:00,140305,1,7,1.0,-49.4,0.0
LAMBAYEQUE-LAMBAYEQUE-MORROPE,LAMBAYEQUE-LAMBAYEQUE-MORROPE,2021-03-01 00:00:00,140306,1,20,1.0,-49.4,0.0
LAMBAYEQUE-LAMBAYEQUE-MOTUPE,LAMBAYEQUE-LAMBAYEQUE-MOTUPE,2021-02-22 00:00:00,140307,8,20,2.0,-31.97142857142857,7.0
LAMBAYEQUE-LAMBAYEQUE-OLMOS,LAMBAYEQUE-LAMBAYEQUE-OLMOS,2021-03-01 00:00:00,140308,1,15,1.0,-49.4,0.0
LAMBAYEQUE-LAMBAYEQUE-PACORA,LAMBAYEQUE-LAMBAYEQUE-PACORA,2021-02-22 00:00:00,140309,2,5,1.0,-31.97142857142857,0.0
LAMBAYEQUE-LAMBAYEQUE-SALAS,LAMBAYEQUE-LAMBAYEQUE-SALAS,2021-03-01 00:00:00,140310,2,6,0.0,-49.4,0.0
LAMBAYEQUE-LAMBAYEQUE-SAN JOSE,LAMBAYEQUE-LAMBAYEQUE-SAN JOSE,2021-03-01 00:00:00,140311,3,9,0.0,-49.4,0.0
LAMBAYEQUE-LAMBAYEQUE-TUCUME,LAMBAYEQUE-LAMBAYEQUE-TUCUME,2021-02-22 00:00:00,140312,1,8,0.0,-31.97142857142857,0.0
LIMA-LIMA-ANCON,LIMA-LIMA-ANCON,2021-03-01 00:00:00,150102,13,13,2.0,-52.2,76.0
LIMA-LIMA-ATE,LIMA-LIMA-ATE,2021-03-01 00:00:00,150103,214,286,15.0,-52.2,1365.0
LIMA-LIMA-BARRANCO,LIMA-LIMA-BARRANCO,2021-03-01 00:00:00,150104,17,14,0.0,-52.2,75.0
LIMA-LIMA-BREÑA,LIMA-LIMA-BREÑA,2021-03-01 00:00:00,150105,40,48,3.0,-52.2,676.0
LIMA-LIMA-CARABAYLLO,LIMA-LIMA-CARABAYLLO,2021-03-01 00:00:00,150106,98,98,5.0,-52.2,232.0
LIMA-LIMA-CHACLACAYO,LIMA-LIMA-CHACLACAYO,2021-03-01 00:00:00,150107,31,37,2.0,-52.2,54.0
LIMA-LIMA-CHORRILLOS,LIMA-LIMA-CHORRILLOS,2021-03-01 00:00:00,150108,170,170,5.0,-52.2,643.0
LIMA-LIMA-CIENEGUILLA,LIMA-LIMA-CIENEGUILLA,2021-03-01 00:00:00,150109,9,16,0.0,-52.2,39.0
LIMA-LIMA-COMAS,LIMA-LIMA-COMAS,2021-03-01 00:00:00,150110,224,101,17.0,-52.2,1045.0
LIMA-LIMA-EL AGUSTINO,LIMA-LIMA-EL AGUSTINO,2021-03-01 00:00:00,150111,107,82,6.0,-52.2,1735.0
LIMA-LIMA-INDEPENDENCIA,LIMA-LIMA-INDEPENDENCIA,2021-03-01 00:00:00,150112,82,82,5.0,-52.2,421.0
LIMA-LIMA-JESUS MARIA,LIMA-LIMA-JESUS MARIA,2021-03-01 00:00:00,150113,224,156,4.0,-52.2,1760.0
LIMA-LIMA-LA MOLINA,LIMA-LIMA-LA MOLINA,2021-03-01 00:00:00,150114,77,90,2.0,-52.2,0.0
LIMA-LIMA-LA VICTORIA,LIMA-LIMA-LA VICTORIA,2021-03-01 00:00:00,150115,92,117,4.0,-52.2,552.0
LIMA-LIMA-LIMA,LIMA-LIMA-LIMA,2021-03-01 00:00:00,150101,355,285,1.0,-52.2,5861.0
LIMA-LIMA-LINCE,LIMA-LIMA-LINCE,2021-03-01 00:00:00,150116,33,33,5.0,-52.2,201.0
LIMA-LIMA-LOS OLIVOS,LIMA-LIMA-LOS OLIVOS,2021-03-01 00:00:00,150117,184,44,6.0,-52.2,110.0
LIMA-LIMA-LURIGANCHO,LIMA-LIMA-LURIGANCHO,2021-03-01 00:00:00,150118,71,85,1.0,-52.2,0.0
LIMA-LIMA-LURIN,LIMA-LIMA-LURIN,2021-03-01 00:00:00,150119,31,26,1.0,-52.2,74.0
LIMA-LIMA-MAGDALENA DEL MAR,LIMA-LIMA-MAGDALENA DEL MAR,2021-03-01 00:00:00,150120,29,39,1.0,-52.2,0.0
LIMA-LIMA-MIRAFLORES,LIMA-LIMA-MIRAFLORES,2021-03-01 00:00:00,150122,69,4,1.0,-52.2,650.0
LIMA-LIMA-PACHACAMAC,LIMA-LIMA-PACHACAMAC,2021-03-01 00:00:00,150123,40,49,2.0,-52.2,1.0
LIMA-LIMA-PUCUSANA,LIMA-LIMA-PUCUSANA,2021-03-01 00:00:00,150124,6,21,1.0,-52.2,0.0
LIMA-LIMA-PUEBLO LIBRE,LIMA-LIMA-PUEBLO LIBRE,2021-03-01 00:00:00,150121,39,55,7.0,-52.2,0.0
LIMA-LIMA-PUENTE PIEDRA,LIMA-LIMA-PUENTE PIEDRA,2021-03-01 00:00:00,150125,106,148,4.0,-52.2,542.0
LIMA-LIMA-PUNTA HERMOSA,LIMA-LIMA-PUNTA HERMOSA,2021-02-22 00:00:00,150126,13,11,0.0,-46.08571428571428,44.0
LIMA-LIMA-PUNTA NEGRA,LIMA-LIMA-PUNTA NEGRA,2021-03-01 00:00:00,150127,1,4,0.0,-52.2,0.0
LIMA-LIMA-RIMAC,LIMA-LIMA-RIMAC,2021-03-01 00:00:00,150128,80,68,7.0,-52.2,208.0
LIMA-LIMA-SAN BARTOLO,LIMA-LIMA-SAN BARTOLO,2021-03-01 00:00:00,150129,2,4,0.0,-52.2,0.0
LIMA-LIMA-SAN BORJA,LIMA-LIMA-SAN BORJA,2021-03-01 00:00:00,150130,58,64,4.0,-52.2,89.0
LIMA-LIMA-SAN ISIDRO,LIMA-LIMA-SAN ISIDRO,2021-03-01 00:00:00,150131,28,34,3.0,-52.2,5.0
LIMA-LIMA-SAN JUAN DE LURIGANCHO,LIMA-LIMA-SAN JUAN DE LURIGANCHO,2021-03-01 00:00:00,150132,438,316,31.0,-52.2,780.0
LIMA-LIMA-SAN JUAN DE MIRAFLORES,LIMA-LIMA-SAN JUAN DE MIRAFLORES,2021-03-01 00:00:00,150133,152,179,11.0,-52.2,119.0
LIMA-LIMA-SAN LUIS,LIMA-LIMA-SAN LUIS,2021-03-01 00:00:00,150134,27,34,3.0,-52.2,4.0
LIMA-LIMA-SAN MARTIN DE PORRES,LIMA-LIMA-SAN MARTIN DE PORRES,2021-03-01 00:00:00,150135,333,266,17.0,-52.2,1742.0
LIMA-LIMA-SAN MIGUEL,LIMA-LIMA-SAN MIGUEL,2021-03-01 00:00:00,150136,79,91,5.0,-52.2,63.0
LIMA-LIMA-SANTA ANITA,LIMA-LIMA-SANTA ANITA,2021-03-01 00:00:00,150137,111,97,6.0,-52.2,625.0
LIMA-LIMA-SANTA MARIA DEL MAR,LIMA-LIMA-SANTA MARIA DEL MAR,2021-03-01 00:00:00,150138,2,4,0.0,-52.2,0.0
LIMA-LIMA-SANTA ROSA,LIMA-LIMA-SANTA ROSA,2021-03-01 00:00:00,150139,3,7,0.0,-52.2,0.0
LIMA-LIMA-SANTIAGO DE SURCO,LIMA-LIMA-SANTIAGO DE SURCO,2021-03-01 00:00:00,150140,153,153,10.0,-52.2,250.0
LIMA-LIMA-SURQUILLO,LIMA-LIMA-SURQUILLO,2021-03-01 00:00:00,150141,70,81,1.0,-52.2,779.0
LIMA-LIMA-VILLA EL SALVADOR,LIMA-LIMA-VILLA EL SALVADOR,2021-03-01 00:00:00,150142,112,147,18.0,-52.2,1081.0
LIMA-LIMA-VILLA MARIA DEL TRIUNFO,LIMA-LIMA-VILLA MARIA DEL TRIUNFO,2021-03-01 00:00:00,150143,155,137,14.0,-52.2,63.0
LORETO-ALTO AMAZONAS-BALSAPUERTO,LORETO-ALTO AMAZONAS-BALSAPUERTO,2021-02-15 00:00:00,160202,2,2,0.0,-20.457142857142856,8.0
LORETO-ALTO AMAZONAS-JEBEROS,LORETO-ALTO AMAZONAS-JEBEROS,2021-03-01 00:00:00,160205,1,2,0.0,-27.2,3.0
LORETO-ALTO AMAZONAS-LAGUNAS,LORETO-ALTO AMAZONAS-LAGUNAS,2020-12-28 00:00:00,160206,1,8,0.0,-22.16,0.0
LORETO-ALTO AMAZONAS-SANTA CRUZ,LORETO-ALTO AMAZONAS-SANTA CRUZ,2021-02-22 00:00:00,160210,1,2,0.0,-19.685714285714287,21.0
LORETO-ALTO AMAZONAS-TENIENTE CESAR LOPEZ ROJAS,LORETO-ALTO AMAZONAS-TENIENTE CESAR LOPEZ ROJAS,2021-01-25 00:00:00,160211,1,1,0.0,-15.342857142857142,0.0
LORETO-ALTO AMAZONAS-YURIMAGUAS,LORETO-ALTO AMAZONAS-YURIMAGUAS,2021-03-01 00:00:00,160201,16,19,0.0,-27.2,55.0
LORETO-MAYNAS-ALTO NANAY,LORETO-MAYNAS-ALTO NANAY,2020-11-30 00:00:00,160102,1,0,0.0,-14.2,0.0
LORETO-MAYNAS-BELEN,LORETO-MAYNAS-BELEN,2021-03-01 00:00:00,160112,12,20,1.0,-44.0,0.0
LORETO-MAYNAS-FERNANDO LORES,LORETO-MAYNAS-FERNANDO LORES,2021-02-22 00:00:00,160103,2,4,0.0,-33.2,42.0
LORETO-MAYNAS-INDIANA,LORETO-MAYNAS-INDIANA,2021-03-01 00:00:00,160104,6,3,3.0,-44.0,0.0
LORETO-MAYNAS-IQUITOS,LORETO-MAYNAS-IQUITOS,2021-03-01 00:00:00,160101,25,46,7.0,-44.0,445.0
LORETO-MAYNAS-LAS AMAZONAS,LORETO-MAYNAS-LAS AMAZONAS,2021-02-22 00:00:00,160105,3,6,0.0,-33.2,0.0
LORETO-MAYNAS-MAZAN,LORETO-MAYNAS-MAZAN,2021-03-01 00:00:00,160106,1,3,0.0,-44.0,10.0
LORETO-MAYNAS-NAPO,LORETO-MAYNAS-NAPO,2021-03-01 00:00:00,160107,1,20,0.0,-44.0,8.0
LORETO-MAYNAS-PUNCHANA,LORETO-MAYNAS-PUNCHANA,2021-03-01 00:00:00,160108,36,137,1.0,-44.0,112.0
LORETO-MAYNAS-SAN JUAN BAUTISTA,LORETO-MAYNAS-SAN JUAN BAUTISTA,2021-03-01 00:00:00,160113,16,17,1.0,-44.0,9.0
LORETO-MAYNAS-TORRES CAUSANA,LORETO-MAYNAS-TORRES CAUSANA,2021-02-15 00:00:00,160110,1,11,0.0,-37.028571428571425,0.0
MADRE DE DIOS-TAMBOPATA-INAMBARI,MADRE DE DIOS-TAMBOPATA-INAMBARI,2021-03-01 00:00:00,170102,2,7,0.0,-35.6,2.0
MADRE DE DIOS-TAMBOPATA-LABERINTO,MADRE DE DIOS-TAMBOPATA-LABERINTO,2021-02-22 00:00:00,170104,1,1,0.0,-15.542857142857141,11.0
MADRE DE DIOS-TAMBOPATA-LAS PIEDRAS,MADRE DE DIOS-TAMBOPATA-LAS PIEDRAS,2021-03-01 00:00:00,170103,1,5,0.0,-35.6,0.0
MADRE DE DIOS-TAMBOPATA-TAMBOPATA,MADRE DE DIOS-TAMBOPATA-TAMBOPATA,2021-03-01 00:00:00,170101,41,39,2.0,-35.6,354.0
MOQUEGUA-MARISCAL NIETO-CARUMAS,MOQUEGUA-MARISCAL NIETO-CARUMAS,2021-03-01 00:00:00,180102,1,3,0.0,-67.2,1.0
MOQUEGUA-MARISCAL NIETO-CUCHUMBAYA,MOQUEGUA-MARISCAL NIETO-CUCHUMBAYA,2021-02-22 00:00:00,180103,1,3,0.0,-48.91428571428572,0.0
MOQUEGUA-MARISCAL NIETO-MOQUEGUA,MOQUEGUA-MARISCAL NIETO-MOQUEGUA,2021-03-01 00:00:00,180101,72,24,1.0,-67.2,399.0
MOQUEGUA-MARISCAL NIETO-SAMEGUA,MOQUEGUA-MARISCAL NIETO-SAMEGUA,2021-03-01 00:00:00,180104,1,7,0.0,-67.2,0.0
MOQUEGUA-MARISCAL NIETO-SAN CRISTOBAL,MOQUEGUA-MARISCAL NIETO-SAN CRISTOBAL,2021-02-22 00:00:00,180105,1,4,0.0,-48.91428571428572,0.0
MOQUEGUA-MARISCAL NIETO-TORATA,MOQUEGUA-MARISCAL NIETO-TORATA,2021-03-01 00:00:00,180106,2,5,0.0,-67.2,0.0
PASCO-OXAPAMPA-CHONTABAMBA,PASCO-OXAPAMPA-CHONTABAMBA,2021-03-01 00:00:00,190302,3,4,0.0,-28.8,12.0
PASCO-OXAPAMPA-CONSTITUCION,PASCO-OXAPAMPA-CONSTITUCION,2021-03-01 00:00:00,190308,10,11,0.0,-28.8,0.0
PASCO-OXAPAMPA-HUANCABAMBA,PASCO-OXAPAMPA-HUANCABAMBA,2021-03-01 00:00:00,190303,2,4,1.0,-28.8,0.0
PASCO-OXAPAMPA-OXAPAMPA,PASCO-OXAPAMPA-OXAPAMPA,2021-03-01 00:00:00,190301,8,3,0.0,-28.8,89.0
PASCO-OXAPAMPA-PALCAZU,PASCO-OXAPAMPA-PALCAZU,2021-02-22 00:00:00,190304,4,6,0.0,-18.514285714285716,23.0
PASCO-OXAPAMPA-POZUZO,PASCO-OXAPAMPA-POZUZO,2021-02-22 00:00:00,190305,5,10,1.0,-18.514285714285716,21.0
PASCO-OXAPAMPA-PUERTO BERMUDEZ,PASCO-OXAPAMPA-PUERTO BERMUDEZ,2021-03-01 00:00:00,190306,7,8,1.0,-28.8,22.0
PASCO-OXAPAMPA-VILLA RICA,PASCO-OXAPAMPA-VILLA RICA,2021-03-01 00:00:00,190307,16,35,1.0,-28.8,80.0
PASCO-PASCO-CHAUPIMARCA,PASCO-PASCO-CHAUPIMARCA,2021-03-01 00:00:00,190101,1,8,0.0,-34.4,18.0
PASCO-PASCO-HUACHON,PASCO-PASCO-HUACHON,2021-02-22 00:00:00,190102,1,3,0.0,-24.714285714285715,22.0
PASCO-PASCO-HUARIACA,PASCO-PASCO-HUARIACA,2021-03-01 00:00:00,190103,2,7,0.0,-34.4,25.0
PASCO-PASCO-HUAYLLAY,PASCO-PASCO-HUAYLLAY,2021-02-22 00:00:00,190104,6,11,0.0,-24.714285714285715,26.0
PASCO-PASCO-NINACACA,PASCO-PASCO-NINACACA,2021-03-01 00:00:00,190105,2,4,0.0,-34.4,0.0
PASCO-PASCO-PALLANCHACRA,PASCO-PASCO-PALLANCHACRA,2021-02-22 00:00:00,190106,3,3,0.0,-24.714285714285715,13.0
PASCO-PASCO-PAUCARTAMBO,PASCO-PASCO-PAUCARTAMBO,2021-03-01 00:00:00,190107,1,2,0.0,-34.4,32.0
PASCO-PASCO-SIMON BOLIVAR,PASCO-PASCO-SIMON BOLIVAR,2021-03-01 00:00:00,190109,4,11,0.0,-34.4,4.0
PASCO-PASCO-TICLACAYAN,PASCO-PASCO-TICLACAYAN,2021-03-01 00:00:00,190110,1,5,0.0,-34.4,1.0
PASCO-PASCO-TINYAHUARCO,PASCO-PASCO-TINYAHUARCO,2021-02-22 00:00:00,190111,1,5,0.0,-24.714285714285715,11.0
PASCO-PASCO-VICCO,PASCO-PASCO-VICCO,2021-03-01 00:00:00,190112,1,10,0.0,-34.4,0.0
PASCO-PASCO-YANACANCHA,PASCO-PASCO-YANACANCHA,2021-03-01 00:00:00,190113,4,11,1.0,-34.4,153.0
PIURA-HUANCABAMBA-CANCHAQUE,PIURA-HUANCABAMBA-CANCHAQUE,2021-01-25 00:00:00,200302,3,3,0.0,-4.342857142857143,0.0
PIURA-HUANCABAMBA-EL CARMEN DE LA FRONTERA,,,,,,,,
PIURA-HUANCABAMBA-HUANCABAMBA,PIURA-HUANCABAMBA-HUANCABAMBA,2021-02-22 00:00:00,200301,1,3,1.0,-2.1714285714285717,62.0
PIURA-HUANCABAMBA-HUARMACA,PIURA-HUANCABAMBA-HUARMACA,2021-02-22 00:00:00,200304,3,6,0.0,-2.1714285714285717,104.0
PIURA-HUANCABAMBA-LALAQUIZ,PIURA-HUANCABAMBA-LALAQUIZ,2020-12-14 00:00:00,200305,1,1,0.0,1.5714285714285716,0.0
PIURA-HUANCABAMBA-SAN MIGUEL DE EL FAIQUE,PIURA-HUANCABAMBA-SAN MIGUEL DE EL FAIQUE,2021-01-11 00:00:00,200306,5,4,0.0,-0.4,0.0
PIURA-HUANCABAMBA-SONDOR,PIURA-HUANCABAMBA-SONDOR,2020-09-07 00:00:00,200307,1,1,0.0,0.3,0.0
PIURA-PAITA-AMOTAPE,PIURA-PAITA-AMOTAPE,2021-02-22 00:00:00,200502,3,4,0.0,-10.228571428571428,11.0
PIURA-PAITA-ARENAL,PIURA-PAITA-ARENAL,2021-02-08 00:00:00,200503,1,1,0.0,-11.542857142857141,0.0
PIURA-PAITA-COLAN,PIURA-PAITA-COLAN,2021-03-01 00:00:00,200504,3,2,0.0,-16.4,36.0
PIURA-PAITA-LA HUACA,PIURA-PAITA-LA HUACA,2021-02-22 00:00:00,200505,8,7,1.0,-10.228571428571428,57.0
PIURA-PAITA-PAITA,PIURA-PAITA-PAITA,2021-03-01 00:00:00,200501,8,23,0.0,-16.4,173.0
PIURA-PAITA-TAMARINDO,PIURA-PAITA-TAMARINDO,2021-02-22 00:00:00,200506,8,6,0.0,-10.228571428571428,17.0
PIURA-PAITA-VICHAYAL,PIURA-PAITA-VICHAYAL,2021-03-01 00:00:00,200507,2,4,0.0,-16.4,0.0
PIURA-PIURA-CASTILLA,PIURA-PIURA-CASTILLA,2021-03-01 00:00:00,200104,28,49,0.0,-41.4,72.0
PIURA-PIURA-CATACAOS,PIURA-PIURA-CATACAOS,2021-03-01 00:00:00,200105,3,12,2.0,-41.4,1.0
PIURA-PIURA-CURA MORI,PIURA-PIURA-CURA MORI,2021-03-01 00:00:00,200107,1,3,0.0,-41.4,0.0
PIURA-PIURA-EL TALLAN,PIURA-PIURA-EL TALLAN,2021-02-22 00:00:00,200108,2,1,0.0,-30.628571428571423,0.0
PIURA-PIURA-LA ARENA,PIURA-PIURA-LA ARENA,2021-03-01 00:00:00,200109,1,8,0.0,-41.4,0.0
PIURA-PIURA-LA UNION,PIURA-PIURA-LA UNION,2021-03-01 00:00:00,200110,4,17,0.0,-41.4,17.0
PIURA-PIURA-LAS LOMAS,PIURA-PIURA-LAS LOMAS,2021-03-01 00:00:00,200111,8,6,0.0,-41.4,8.0
PIURA-PIURA-PIURA,PIURA-PIURA-PIURA,2021-03-01 00:00:00,200101,45,99,0.0,-41.4,17.0
PIURA-PIURA-TAMBO GRANDE,PIURA-PIURA-TAMBO GRANDE,2021-03-01 00:00:00,200114,2,8,0.0,-41.4,0.0
PIURA-PIURA-VEINTISEIS DE OCTUBRE,PIURA-PIURA-VEINTISEIS DE OCTUBRE,2021-03-01 00:00:00,200115,21,44,1.0,-41.4,0.0
PIURA-SECHURA-BELLAVISTA DE LA UNION,PIURA-SECHURA-BELLAVISTA DE LA UNION,2021-02-22 00:00:00,200802,1,3,0.0,-21.314285714285713,0.0
PIURA-SECHURA-BERNAL,PIURA-SECHURA-BERNAL,2021-03-01 00:00:00,200803,2,4,0.0,-27.2,26.0
PIURA-SECHURA-CRISTO NOS VALGA,PIURA-SECHURA-CRISTO NOS VALGA,2021-01-04 00:00:00,200804,1,4,0.0,-21.971428571428568,0.0
PIURA-SECHURA-SECHURA,PIURA-SECHURA-SECHURA,2021-02-22 00:00:00,200801,25,17,0.0,-21.314285714285713,82.0
PIURA-SECHURA-VICE,PIURA-SECHURA-VICE,2021-02-22 00:00:00,200805,1,3,0.0,-21.314285714285713,0.0
PIURA-SULLANA-BELLAVISTA,PIURA-SULLANA-BELLAVISTA,2021-03-01 00:00:00,200602,2,1,0.0,-39.2,134.0
PIURA-SULLANA-IGNACIO ESCUDERO,PIURA-SULLANA-IGNACIO ESCUDERO,2021-03-01 00:00:00,200603,3,14,1.0,-39.2,2.0
PIURA-SULLANA-LANCONES,PIURA-SULLANA-LANCONES,2021-03-01 00:00:00,200604,8,7,0.0,-39.2,0.0
PIURA-SULLANA-MARCAVELICA,PIURA-SULLANA-MARCAVELICA,2021-03-01 00:00:00,200605,8,16,0.0,-39.2,0.0
PIURA-SULLANA-MIGUEL CHECA,PIURA-SULLANA-MIGUEL CHECA,2021-03-01 00:00:00,200606,1,5,0.0,-39.2,6.0
PIURA-SULLANA-QUERECOTILLO,PIURA-SULLANA-QUERECOTILLO,2021-03-01 00:00:00,200607,3,3,0.0,-39.2,57.0
PIURA-SULLANA-SALITRAL,PIURA-SULLANA-SALITRAL,2021-02-22 00:00:00,200608,2,4,0.0,-27.28571428571429,46.0
PIURA-SULLANA-SULLANA,PIURA-SULLANA-SULLANA,2021-03-01 00:00:00,200601,12,15,0.0,-39.2,405.0
PIURA-TALARA-EL ALTO,PIURA-TALARA-EL ALTO,2021-02-22 00:00:00,200702,1,2,0.0,-32.6,18.0
PIURA-TALARA-LA BREA,PIURA-TALARA-LA BREA,2021-02-22 00:00:00,200703,11,9,0.0,-32.6,24.0
PIURA-TALARA-LOBITOS,PIURA-TALARA-LOBITOS,2021-01-04 00:00:00,200704,1,2,0.0,-24.2,0.0
PIURA-TALARA-LOS ORGANOS,PIURA-TALARA-LOS ORGANOS,2021-03-01 00:00:00,200705,3,6,0.0,-43.0,0.0
PIURA-TALARA-MANCORA,PIURA-TALARA-MANCORA,2021-03-01 00:00:00,200706,2,7,0.0,-43.0,0.0
PIURA-TALARA-PARIÑAS,PIURA-TALARA-PARIÑAS,2021-03-01 00:00:00,200701,9,15,0.0,-43.0,150.0
PUNO-CHUCUITO-DESAGUADERO,PUNO-CHUCUITO-DESAGUADERO,2021-03-01 00:00:00,210402,4,5,1.0,-11.4,3.0
PUNO-CHUCUITO-HUACULLANI,PUNO-CHUCUITO-HUACULLANI,2021-02-15 00:00:00,210403,1,2,0.0,-13.828571428571427,0.0
PUNO-CHUCUITO-JULI,PUNO-CHUCUITO-JULI,2021-03-01 00:00:00,210401,1,2,0.0,-11.4,43.0
PUNO-CHUCUITO-KELLUYO,PUNO-CHUCUITO-KELLUYO,2021-02-08 00:00:00,210404,1,2,0.0,-13.028571428571428,0.0
PUNO-CHUCUITO-PISACOMA,PUNO-CHUCUITO-PISACOMA,2021-01-25 00:00:00,210405,1,2,0.0,-9.714285714285714,0.0
PUNO-CHUCUITO-POMATA,PUNO-CHUCUITO-POMATA,2021-02-22 00:00:00,210406,1,3,1.0,-10.400000000000002,0.0
PUNO-CHUCUITO-ZEPITA,PUNO-CHUCUITO-ZEPITA,2021-02-15 00:00:00,210407,1,4,0.0,-13.828571428571427,23.0
PUNO-EL COLLAO-CONDURIRI,,,,,,,,
PUNO-EL COLLAO-ILAVE,PUNO-EL COLLAO-ILAVE,2021-03-01 00:00:00,210501,1,5,0.0,-21.8,57.0
PUNO-EL COLLAO-PILCUYO,PUNO-EL COLLAO-PILCUYO,2021-02-22 00:00:00,210503,2,3,0.0,-8.714285714285714,28.0
PUNO-EL COLLAO-SANTA ROSA,PUNO-EL COLLAO-SANTA ROSA,2021-02-15 00:00:00,210504,2,3,0.0,-11.514285714285714,10.0
PUNO-MELGAR-ANTAUTA,PUNO-MELGAR-ANTAUTA,2021-02-22 00:00:00,210802,1,2,0.0,-6.171428571428573,1.0
PUNO-MELGAR-AYAVIRI,PUNO-MELGAR-AYAVIRI,2021-03-01 00:00:00,210801,6,22,0.0,-8.4,195.0
PUNO-MELGAR-CUPI,PUNO-MELGAR-CUPI,2021-02-22 00:00:00,210803,1,1,0.0,-6.171428571428573,0.0
PUNO-MELGAR-LLALLI,PUNO-MELGAR-LLALLI,2021-02-01 00:00:00,210804,3,2,0.0,-7.6,0.0
PUNO-MELGAR-MACARI,PUNO-MELGAR-MACARI,2021-02-08 00:00:00,210805,4,5,0.0,-7.514285714285714,0.0
PUNO-MELGAR-NUÑOA,PUNO-MELGAR-NUÑOA,2021-02-22 00:00:00,210806,4,4,0.0,-6.171428571428573,0.0
PUNO-MELGAR-ORURILLO,PUNO-MELGAR-ORURILLO,2021-03-01 00:00:00,210807,1,2,0.0,-8.4,0.0
PUNO-MELGAR-SANTA ROSA,PUNO-MELGAR-SANTA ROSA,2021-03-01 00:00:00,210808,1,1,0.0,-8.4,0.0
PUNO-MELGAR-UMACHIRI,PUNO-MELGAR-UMACHIRI,2021-01-18 00:00:00,210809,1,2,0.0,-7.085714285714286,0.0
PUNO-PUNO-ACORA,PUNO-PUNO-ACORA,2021-03-01 00:00:00,210102,2,5,0.0,-65.0,0.0
PUNO-PUNO-AMANTANI,PUNO-PUNO-AMANTANI,2021-03-01 00:00:00,210103,1,10,0.0,-65.0,0.0
PUNO-PUNO-ATUNCOLLA,PUNO-PUNO-ATUNCOLLA,2021-02-08 00:00:00,210104,5,4,0.0,-53.71428571428571,0.0
PUNO-PUNO-CAPACHICA,PUNO-PUNO-CAPACHICA,2021-03-01 00:00:00,210105,1,4,0.0,-65.0,0.0
PUNO-PUNO-CHUCUITO,PUNO-PUNO-CHUCUITO,2021-03-01 00:00:00,210106,1,3,0.0,-65.0,0.0
PUNO-PUNO-COATA,PUNO-PUNO-COATA,2021-03-01 00:00:00,210107,2,2,0.0,-65.0,0.0
PUNO-PUNO-HUATA,PUNO-PUNO-HUATA,2021-02-08 00:00:00,210108,1,2,0.0,-53.71428571428571,0.0
PUNO-PUNO-MAÑAZO,PUNO-PUNO-MAÑAZO,2021-03-01 00:00:00,210109,4,5,0.0,-65.0,0.0
PUNO-PUNO-PAUCARCOLLA,PUNO-PUNO-PAUCARCOLLA,2021-02-22 00:00:00,210110,1,2,0.0,-50.342857142857135,9.0
PUNO-PUNO-PICHACANI,PUNO-PUNO-PICHACANI,2021-02-22 00:00:00,210111,1,6,1.0,-50.342857142857135,44.0
PUNO-PUNO-PLATERIA,PUNO-PUNO-PLATERIA,2021-02-22 00:00:00,210112,1,2,0.0,-50.342857142857135,20.0
PUNO-PUNO-PUNO,PUNO-PUNO-PUNO,2021-03-01 00:00:00,210101,39,59,2.0,-65.0,132.0
PUNO-PUNO-SAN ANTONIO,PUNO-PUNO-SAN ANTONIO,2021-02-15 00:00:00,210113,1,2,1.0,-54.25714285714287,0.0
PUNO-PUNO-TIQUILLACA,PUNO-PUNO-TIQUILLACA,2021-02-22 00:00:00,210114,1,3,0.0,-50.342857142857135,2.0
PUNO-PUNO-VILQUE,PUNO-PUNO-VILQUE,2021-02-22 00:00:00,210115,3,2,0.0,-50.342857142857135,10.0
PUNO-SAN ROMAN-CABANA,PUNO-SAN ROMAN-CABANA,2021-02-22 00:00:00,211102,1,3,0.0,-19.0,21.0
PUNO-SAN ROMAN-CABANILLAS,PUNO-SAN ROMAN-CABANILLAS,2021-03-01 00:00:00,211103,1,2,0.0,-21.6,1.0
PUNO-SAN ROMAN-CARACOTO,PUNO-SAN ROMAN-CARACOTO,2021-03-01 00:00:00,211104,1,4,0.0,-21.6,0.0
PUNO-SAN ROMAN-JULIACA,PUNO-SAN ROMAN-JULIACA,2021-03-01 00:00:00,211101,44,77,7.0,-21.6,414.0
PUNO-SAN ROMAN-SAN MIGUEL,PUNO-SAN ROMAN-SAN MIGUEL,2021-02-22 00:00:00,211105,4,4,0.0,-19.0,0.0
PUNO-YUNGUYO-ANAPIA,PUNO-YUNGUYO-ANAPIA,2020-10-19 00:00:00,211302,1,2,0.0,-8.4,0.0
PUNO-YUNGUYO-COPANI,PUNO-YUNGUYO-COPANI,2020-12-14 00:00:00,211303,1,1,0.0,-7.542857142857143,0.0
PUNO-YUNGUYO-CUTURAPI,PUNO-YUNGUYO-CUTURAPI,2021-02-15 00:00:00,211304,2,2,0.0,-10.742857142857144,1.0
PUNO-YUNGUYO-OLLARAYA,PUNO-YUNGUYO-OLLARAYA,2021-03-01 00:00:00,211305,1,14,0.0,-15.4,1.0
PUNO-YUNGUYO-TINICACHI,,,,,,,,
PUNO-YUNGUYO-UNICACHI,PUNO-YUNGUYO-UNICACHI,2021-02-08 00:00:00,211307,1,2,0.0,-11.457142857142859,0.0
PUNO-YUNGUYO-YUNGUYO,PUNO-YUNGUYO-YUNGUYO,2021-02-22 00:00:00,211301,16,2,1.0,-9.914285714285715,62.0
SAN MARTIN-LAMAS-ALONSO DE ALVARADO,SAN MARTIN-LAMAS-ALONSO DE ALVARADO,2021-02-15 00:00:00,220502,2,3,0.0,-12.971428571428572,73.0
SAN MARTIN-LAMAS-BARRANQUITA,SAN MARTIN-LAMAS-BARRANQUITA,2021-01-25 00:00:00,220503,2,4,0.0,-7.685714285714286,0.0
SAN MARTIN-LAMAS-CAYNARACHI,SAN MARTIN-LAMAS-CAYNARACHI,2021-02-22 00:00:00,220504,3,11,1.0,-13.085714285714285,0.0
SAN MARTIN-LAMAS-CUÑUMBUQUI,SAN MARTIN-LAMAS-CUÑUMBUQUI,2021-02-22 00:00:00,220505,4,3,0.0,-13.085714285714285,0.0
SAN MARTIN-LAMAS-LAMAS,SAN MARTIN-LAMAS-LAMAS,2021-03-01 00:00:00,220501,4,24,1.0,-19.0,72.0
SAN MARTIN-LAMAS-PINTO RECODO,SAN MARTIN-LAMAS-PINTO RECODO,2020-10-19 00:00:00,220506,1,7,0.0,-9.0,0.0
SAN MARTIN-LAMAS-RUMISAPA,SAN MARTIN-LAMAS-RUMISAPA,2021-03-01 00:00:00,220507,1,4,0.0,-19.0,0.0
SAN MARTIN-LAMAS-SAN ROQUE DE CUMBAZA,SAN MARTIN-LAMAS-SAN ROQUE DE CUMBAZA,2021-01-11 00:00:00,220508,3,6,0.0,-6.0,0.0
SAN MARTIN-LAMAS-SHANAO,SAN MARTIN-LAMAS-SHANAO,2020-11-23 00:00:00,220509,21,21,0.0,-8.457142857142859,0.0
SAN MARTIN-LAMAS-TABALOSOS,SAN MARTIN-LAMAS-TABALOSOS,2021-02-15 00:00:00,220510,1,8,0.0,-12.971428571428572,25.0
SAN MARTIN-LAMAS-ZAPATERO,SAN MARTIN-LAMAS-ZAPATERO,2021-01-18 00:00:00,220511,2,5,0.0,-9.342857142857143,0.0
SAN MARTIN-MOYOBAMBA-CALZADA,SAN MARTIN-MOYOBAMBA-CALZADA,2021-02-08 00:00:00,220102,2,2,1.0,-24.285714285714285,0.0
SAN MARTIN-MOYOBAMBA-HABANA,SAN MARTIN-MOYOBAMBA-HABANA,2021-02-15 00:00:00,220103,1,1,0.0,-21.342857142857145,0.0
SAN MARTIN-MOYOBAMBA-JEPELACIO,SAN MARTIN-MOYOBAMBA-JEPELACIO,2021-03-01 00:00:00,220104,2,3,0.0,-35.6,11.0
SAN MARTIN-MOYOBAMBA-MOYOBAMBA,SAN MARTIN-MOYOBAMBA-MOYOBAMBA,2021-03-01 00:00:00,220101,43,55,0.0,-35.6,299.0
SAN MARTIN-MOYOBAMBA-SORITOR,SAN MARTIN-MOYOBAMBA-SORITOR,2021-03-01 00:00:00,220105,13,16,0.0,-35.6,47.0
SAN MARTIN-MOYOBAMBA-YANTALO,SAN MARTIN-MOYOBAMBA-YANTALO,2021-02-01 00:00:00,220106,1,1,0.0,-25.114285714285717,0.0
SAN MARTIN-RIOJA-AWAJUN,SAN MARTIN-RIOJA-AWAJUN,2021-02-22 00:00:00,220802,2,9,0.0,-21.285714285714285,0.0
SAN MARTIN-RIOJA-ELIAS SOPLIN VARGAS,SAN MARTIN-RIOJA-ELIAS SOPLIN VARGAS,2021-02-22 00:00:00,220803,4,5,0.0,-21.285714285714285,0.0
SAN MARTIN-RIOJA-NUEVA CAJAMARCA,SAN MARTIN-RIOJA-NUEVA CAJAMARCA,2021-03-01 00:00:00,220804,5,8,1.0,-31.6,45.0
SAN MARTIN-RIOJA-PARDO MIGUEL,SAN MARTIN-RIOJA-PARDO MIGUEL,2021-03-01 00:00:00,220805,6,7,0.0,-31.6,22.0
SAN MARTIN-RIOJA-POSIC,SAN MARTIN-RIOJA-POSIC,2021-02-22 00:00:00,220806,1,1,1.0,-21.285714285714285,0.0
SAN MARTIN-RIOJA-RIOJA,SAN MARTIN-RIOJA-RIOJA,2021-03-01 00:00:00,220801,13,29,1.0,-31.6,260.0
SAN MARTIN-RIOJA-SAN FERNANDO,SAN MARTIN-RIOJA-SAN FERNANDO,2021-01-18 00:00:00,220807,1,4,0.0,-21.4,0.0
SAN MARTIN-RIOJA-YORONGOS,SAN MARTIN-RIOJA-YORONGOS,2020-12-21 00:00:00,220808,1,2,0.0,-15.285714285714286,0.0
SAN MARTIN-RIOJA-YURACYACU,SAN MARTIN-RIOJA-YURACYACU,2021-03-01 00:00:00,220809,3,9,0.0,-31.6,0.0
SAN MARTIN-SAN MARTIN-ALBERTO LEVEAU,SAN MARTIN-SAN MARTIN-ALBERTO LEVEAU,2021-02-08 00:00:00,220902,1,3,0.0,-29.371428571428574,0.0
SAN MARTIN-SAN MARTIN-CACATACHI,SAN MARTIN-SAN MARTIN-CACATACHI,2021-02-22 00:00:00,220903,1,1,0.0,-26.742857142857144,0.0
SAN MARTIN-SAN MARTIN-CHAZUTA,SAN MARTIN-SAN MARTIN-CHAZUTA,2021-02-01 00:00:00,220904,1,9,0.0,-29.8,0.0
SAN MARTIN-SAN MARTIN-CHIPURANA,SAN MARTIN-SAN MARTIN-CHIPURANA,2020-11-09 00:00:00,220905,1,3,0.0,-26.28571428571429,0.0
SAN MARTIN-SAN MARTIN-EL PORVENIR,SAN MARTIN-SAN MARTIN-EL PORVENIR,2021-02-22 00:00:00,220906,2,2,0.0,-26.742857142857144,0.0
SAN MARTIN-SAN MARTIN-HUIMBAYOC,SAN MARTIN-SAN MARTIN-HUIMBAYOC,2020-11-02 00:00:00,220907,1,4,0.0,-24.8,0.0
SAN MARTIN-SAN MARTIN-JUAN GUERRA,SAN MARTIN-SAN MARTIN-JUAN GUERRA,2021-02-22 00:00:00,220908,3,2,0.0,-26.742857142857144,0.0
SAN MARTIN-SAN MARTIN-LA BANDA DE SHILCAYO,SAN MARTIN-SAN MARTIN-LA BANDA DE SHILCAYO,2021-03-01 00:00:00,220909,4,30,1.0,-44.6,127.0
SAN MARTIN-SAN MARTIN-MORALES,SAN MARTIN-SAN MARTIN-MORALES,2021-03-01 00:00:00,220910,10,35,1.0,-44.6,100.0
SAN MARTIN-SAN MARTIN-PAPAPLAYA,SAN MARTIN-SAN MARTIN-PAPAPLAYA,2020-10-19 00:00:00,220911,2,8,0.0,-27.68571428571429,0.0
SAN MARTIN-SAN MARTIN-SAN ANTONIO,SAN MARTIN-SAN MARTIN-SAN ANTONIO,2021-02-22 00:00:00,220912,1,1,0.0,-26.742857142857144,0.0
SAN MARTIN-SAN MARTIN-SAUCE,SAN MARTIN-SAN MARTIN-SAUCE,2021-02-15 00:00:00,220913,1,4,0.0,-27.857142857142854,30.0
SAN MARTIN-SAN MARTIN-SHAPAJA,SAN MARTIN-SAN MARTIN-SHAPAJA,2021-02-01 00:00:00,220914,1,4,0.0,-29.8,0.0
SAN MARTIN-SAN MARTIN-TARAPOTO,SAN MARTIN-SAN MARTIN-TARAPOTO,2021-03-01 00:00:00,220901,28,51,1.0,-44.6,158.0
SAN MARTIN-TOCACHE-NUEVO PROGRESO,SAN MARTIN-TOCACHE-NUEVO PROGRESO,2021-03-01 00:00:00,221002,6,8,1.0,-31.2,0.0
SAN MARTIN-TOCACHE-POLVORA,SAN MARTIN-TOCACHE-POLVORA,2021-02-15 00:00:00,221003,1,5,0.0,-23.000000000000004,30.0
SAN MARTIN-TOCACHE-SHUNTE,SAN MARTIN-TOCACHE-SHUNTE,2021-02-22 00:00:00,221004,1,1,0.0,-22.314285714285713,0.0
SAN MARTIN-TOCACHE-TOCACHE,SAN MARTIN-TOCACHE-TOCACHE,2021-03-01 00:00:00,221001,2,3,0.0,-31.2,275.0
SAN MARTIN-TOCACHE-UCHIZA,SAN MARTIN-TOCACHE-UCHIZA,2021-03-01 00:00:00,221005,4,17,0.0,-31.2,48.0
TACNA-TACNA-ALTO DE LA ALIANZA,TACNA-TACNA-ALTO DE LA ALIANZA,2021-03-01 00:00:00,230102,18,31,4.0,-60.8,102.0
TACNA-TACNA-CALANA,TACNA-TACNA-CALANA,2021-03-01 00:00:00,230103,7,11,0.0,-60.8,0.0
TACNA-TACNA-CIUDAD NUEVA,TACNA-TACNA-CIUDAD NUEVA,2021-03-01 00:00:00,230104,11,26,3.0,-60.8,76.0
TACNA-TACNA-INCLAN,TACNA-TACNA-INCLAN,2021-02-15 00:00:00,230105,2,2,0.0,-55.0,0.0
TACNA-TACNA-LA YARADA LOS PALOS,TACNA-TACNA-LA YARADA LOS PALOS,2021-02-22 00:00:00,230111,19,14,2.0,-54.02857142857143,0.0
TACNA-TACNA-PACHIA,TACNA-TACNA-PACHIA,2021-03-01 00:00:00,230106,1,4,0.0,-60.8,0.0
TACNA-TACNA-PALCA,TACNA-TACNA-PALCA,2021-02-15 00:00:00,230107,1,7,0.0,-55.0,0.0
TACNA-TACNA-POCOLLAY,TACNA-TACNA-POCOLLAY,2021-03-01 00:00:00,230108,5,13,1.0,-60.8,0.0
TACNA-TACNA-SAMA,TACNA-TACNA-SAMA,2021-02-22 00:00:00,230109,3,4,0.0,-54.02857142857143,0.0
TACNA-TACNA-TACNA,TACNA-TACNA-TACNA,2021-03-01 00:00:00,230101,63,9,9.0,-60.8,506.0
TUMBES-CONTRALMIRANTE VILLAR-CANOAS DE PUNTA SAL,TUMBES-CONTRALMIRANTE VILLAR-CANOAS DE PUNTA SAL,2021-02-22 00:00:00,240203,4,11,1.0,-11.057142857142857,8.0
TUMBES-CONTRALMIRANTE VILLAR-CASITAS,TUMBES-CONTRALMIRANTE VILLAR-CASITAS,2021-02-01 00:00:00,240202,1,1,1.0,-12.114285714285714,0.0
TUMBES-CONTRALMIRANTE VILLAR-ZORRITOS,TUMBES-CONTRALMIRANTE VILLAR-ZORRITOS,2021-03-01 00:00:00,240201,2,9,0.0,-12.0,0.0
TUMBES-TUMBES-CORRALES,TUMBES-TUMBES-CORRALES,2021-03-01 00:00:00,240102,11,29,0.0,-46.6,53.0
TUMBES-TUMBES-LA CRUZ,TUMBES-TUMBES-LA CRUZ,2021-02-22 00:00:00,240103,8,7,1.0,-31.657142857142855,7.0
TUMBES-TUMBES-PAMPAS DE HOSPITAL,TUMBES-TUMBES-PAMPAS DE HOSPITAL,2021-03-01 00:00:00,240104,3,4,0.0,-46.6,0.0
TUMBES-TUMBES-SAN JACINTO,TUMBES-TUMBES-SAN JACINTO,2021-03-01 00:00:00,240105,8,7,0.0,-46.6,0.0
TUMBES-TUMBES-SAN JUAN DE LA VIRGEN,TUMBES-TUMBES-SAN JUAN DE LA VIRGEN,2021-03-01 00:00:00,240106,2,2,0.0,-46.6,0.0
TUMBES-TUMBES-TUMBES,TUMBES-TUMBES-TUMBES,2021-03-01 00:00:00,240101,71,77,2.0,-46.6,266.0
TUMBES-ZARUMILLA-AGUAS VERDES,TUMBES-ZARUMILLA-AGUAS VERDES,2021-03-01 00:00:00,240302,1,6,0.0,-18.0,0.0
TUMBES-ZARUMILLA-MATAPALO,TUMBES-ZARUMILLA-MATAPALO,2021-03-01 00:00:00,240303,1,3,0.0,-18.0,0.0
TUMBES-ZARUMILLA-PAPAYAL,TUMBES-ZARUMILLA-PAPAYAL,2021-03-01 00:00:00,240304,1,5,0.0,-18.0,0.0
TUMBES-ZARUMILLA-ZARUMILLA,TUMBES-ZARUMILLA-ZARUMILLA,2021-03-01 00:00:00,240301,6,9,0.0,-18.0,48.0
UCAYALI-ATALAYA-SEPAHUA,UCAYALI-ATALAYA-SEPAHUA,2021-01-25 00:00:00,250202,11,3,0.0,0.2,0.0
UCAYALI-ATALAYA-TAHUANIA,UCAYALI-ATALAYA-TAHUANIA,2021-01-18 00:00:00,250203,10,6,0.0,-0.13333333333333333,0.0
UCAYALI-ATALAYA-YURUA,UCAYALI-ATALAYA-YURUA,2020-08-17 00:00:00,250204,1,4,0.0,-12.0,0.0
UCAYALI-CORONEL PORTILLO-CALLERIA,UCAYALI-CORONEL PORTILLO-CALLERIA,2021-03-01 00:00:00,250101,46,68,4.0,-23.2,456.0
UCAYALI-CORONEL PORTILLO-CAMPOVERDE,UCAYALI-CORONEL PORTILLO-CAMPOVERDE,2021-03-01 00:00:00,250102,1,6,1.0,-23.2,1.0
UCAYALI-CORONEL PORTILLO-IPARIA,UCAYALI-CORONEL PORTILLO-IPARIA,2021-02-22 00:00:00,250103,1,4,0.0,-15.11428571428571,53.0
UCAYALI-CORONEL PORTILLO-MANANTAY,UCAYALI-CORONEL PORTILLO-MANANTAY,2021-03-01 00:00:00,250107,34,35,1.0,-23.2,85.0
UCAYALI-CORONEL PORTILLO-MASISEA,UCAYALI-CORONEL PORTILLO-MASISEA,2021-02-01 00:00:00,250104,1,4,0.0,-17.485714285714284,0.0
UCAYALI-CORONEL PORTILLO-NUEVA REQUENA,UCAYALI-CORONEL PORTILLO-NUEVA REQUENA,2021-02-22 00:00:00,250106,9,7,0.0,-15.11428571428571,15.0
UCAYALI-CORONEL PORTILLO-YARINACOCHA,UCAYALI-CORONEL PORTILLO-YARINACOCHA,2021-03-01 00:00:00,250105,17,38,2.0,-23.2,22.0
UCAYALI-PADRE ABAD-ALEXANDER VON HUMBOLDT,UCAYALI-PADRE ABAD-ALEXANDER VON HUMBOLDT,2021-02-15 00:00:00,250305,1,1,0.0,-5.057142857142858,0.0
UCAYALI-PADRE ABAD-CURIMANA,UCAYALI-PADRE ABAD-CURIMANA,2021-02-22 00:00:00,250303,1,2,0.0,-3.457142857142857,36.0
UCAYALI-PADRE ABAD-IRAZOLA,UCAYALI-PADRE ABAD-IRAZOLA,2021-03-01 00:00:00,250302,2,1,0.0,-1.0,0.0
UCAYALI-PADRE ABAD-NESHUYA,UCAYALI-PADRE ABAD-NESHUYA,2021-03-01 00:00:00,250304,3,2,0.0,-1.0,0.0
UCAYALI-PADRE ABAD-PADRE ABAD,UCAYALI-PADRE ABAD-PADRE ABAD,2021-03-01 00:00:00,250301,7,8,0.0,-1.0,51.0
